mmsi,lat,lon,speed,course,timestamp,speed_diff,course_diff,anomaly
203999427,48.21944666666666,16.415468333333333,0.0,0.0,2025-04-21T14:46:25.826Z,0.0,0.0,1
204600008,37.735283333333335,-25.668786666666666,0.0,360.0,2025-04-21T14:46:27.513Z,0.0,0.0,1
205210000,54.642615,11.360895,0.0,21.4,2025-04-21T14:46:25.846Z,0.0,0.0,1
205240000,52.460728333333336,4.586356666666666,0.0,276.6,2025-04-21T14:46:23.574Z,0.0,0.0,1
205243390,51.010615,3.74257,0.0,360.0,2025-04-21T14:46:17.808Z,0.0,0.0,1
205251690,51.09091,3.676511666666667,0.0,359.0,2025-04-21T14:46:17.777Z,0.0,0.0,1
205263690,52.413466666666665,4.839025,2.5,213.3,2025-04-21T14:46:25.630Z,0.0,0.0,1
205265000,50.59721833333333,-0.149085,5.7,91.8,2025-04-21T14:46:21.694Z,0.0,0.0,1
205336000,50.61209166666666,0.0096866666666666,5.5,329.3,2025-04-21T14:46:15.715Z,0.0,0.0,1
205338490,51.24781666666667,4.369483333333333,11.2,270.1,2025-04-21T14:45:54.402Z,0.0,0.0,1
205397290,51.093995,6.868816666666667,9.0,65.7,2025-04-21T14:46:17.881Z,0.0,0.0,1
205419190,51.253193333333336,4.231036666666666,0.0,273.6,2025-04-21T14:46:29.728Z,0.0,0.0,1
205435190,52.40598333333333,4.83195,0.0,18.6,2025-04-21T14:46:27.836Z,0.0,0.0,1
205472390,51.24124,4.449051666666667,0.0,340.5,2025-04-21T14:46:29.724Z,0.0,0.0,1
205489290,51.011251666666666,3.740138333333333,0.0,360.0,2025-04-21T14:46:17.789Z,0.0,0.0,1
205491290,52.41911,4.80953,0.0,360.0,2025-04-21T14:46:23.748Z,0.0,0.0,1
205498490,50.85411166666667,3.623143333333333,0.1,360.0,2025-04-21T14:46:17.795Z,0.0,0.0,1
205514890,51.29255166666667,6.720318333333334,10.2,39.2,2025-04-21T14:45:54.380Z,0.0,0.0,1
205522890,52.15577833333334,5.000516666666667,9.5,324.0,2025-04-21T14:46:19.915Z,0.0,0.0,1
205530090,51.25546333333333,4.413436666666667,0.2,360.0,2025-04-21T14:46:25.751Z,0.0,0.0,1
205576690,51.253545,4.37834,0.0,360.0,2025-04-21T14:46:15.493Z,0.0,0.0,1
205635000,51.095655,3.5640116666666666,0.0,168.4,2025-04-21T14:46:17.801Z,0.0,0.0,1
209093000,51.00804166666667,1.662825,19.0,303.5,2025-04-21T14:46:25.678Z,0.0,0.0,1
209216000,53.834175,6.924243333333334,16.2,78.9,2025-04-21T14:46:27.523Z,0.0,0.0,1
209825000,51.41950666666666,1.43619,0.4,295.8,2025-04-21T14:46:15.883Z,0.0,0.0,1
209882000,44.262205,8.45327,0.0,272.5,2025-04-21T14:46:23.578Z,0.0,0.0,1
210090000,50.364630000000005,-4.125541666666667,0.0,292.4,2025-04-21T14:46:17.619Z,0.0,0.0,1
210167000,56.029583333333335,12.6918,0.0,343.0,2025-04-21T14:46:19.632Z,0.0,0.0,1
210299000,51.364795,2.5145516666666667,4.3,97.1,2025-04-21T14:46:17.797Z,0.0,0.0,1
210383000,53.369868333333336,6.973381666666667,9.2,158.3,2025-04-21T14:46:15.884Z,0.0,0.0,1
210420000,37.933225,23.679751666666668,0.0,168.9,2025-04-21T14:46:17.510Z,0.0,0.0,1
210588000,34.64513833333333,33.017988333333335,0.0,216.9,2025-04-21T14:45:54.426Z,0.0,0.0,1
211112160,53.545365,8.57181,0.0,360.0,2025-04-21T14:46:29.610Z,0.0,0.0,1
211124650,53.36427166666667,8.50385,5.5,53.9,2025-04-21T14:46:15.885Z,0.0,0.0,1
211129800,51.06088833333333,6.9071050000000005,5.6,131.0,2025-04-21T14:46:15.417Z,0.0,0.0,1
211147880,53.4735,9.988,0.0,26.0,2025-04-21T14:46:27.565Z,0.0,0.0,1
211151080,53.447775,10.09459,0.0,171.0,2025-04-21T14:46:25.761Z,0.0,0.0,1
211162610,53.53496666666667,9.954266666666664,7.9,335.0,2025-04-21T14:46:29.543Z,0.0,0.0,1
211171030,53.542611666666666,9.977815,0.0,360.0,2025-04-21T14:46:27.733Z,0.0,0.0,1
211184640,53.54231166666667,9.970016666666668,6.1,110.3,2025-04-21T14:46:21.871Z,0.0,0.0,1
211202570,54.17371166666667,9.448841666666668,0.0,360.0,2025-04-21T14:46:15.566Z,0.0,0.0,1
211214250,54.32831333333333,10.180623333333331,0.0,278.5,2025-04-21T14:46:15.651Z,0.0,0.0,1
211220910,53.567798333333336,8.561543333333333,0.0,360.0,2025-04-21T14:46:27.591Z,0.0,0.0,1
211223120,53.467380000000006,9.988531666666669,0.0,308.6,2025-04-21T14:46:29.785Z,0.0,0.0,1
211223920,53.700805,7.161543333333333,0.0,158.2,2025-04-21T14:46:15.455Z,0.0,0.0,1
211233660,53.53664166666667,8.577775,0.0,52.3,2025-04-21T14:46:21.894Z,0.0,0.0,1
211249130,24.591285000000003,-76.81812166666667,0.0,321.6,2025-04-21T14:46:27.675Z,0.0,0.0,1
211263850,53.545055000000005,9.957621666666666,0.0,331.3,2025-04-21T14:46:21.744Z,0.0,0.0,1
211288300,54.32936166666666,10.175258333333334,0.0,18.5,2025-04-21T14:46:23.637Z,0.0,0.0,1
211288860,53.86119333333333,8.711508333333335,0.0,242.9,2025-04-21T14:46:15.828Z,0.0,0.0,1
211294420,53.52484333333334,8.575723333333334,0.0,47.3,2025-04-21T14:45:54.162Z,0.0,0.0,1
211300550,53.524905,10.043258333333334,0.0,360.0,2025-04-21T14:46:23.930Z,0.0,0.0,1
211319670,53.41033166666667,6.211008333333334,0.0,70.7,2025-04-21T14:46:23.619Z,0.0,0.0,1
211374560,53.52574666666667,9.937091666666667,0.0,360.0,2025-04-21T14:46:15.493Z,0.0,0.0,1
211385020,54.37223,10.157348333333337,0.0,211.9,2025-04-21T14:46:21.487Z,0.0,0.0,1
211386720,52.26548833333333,14.057601666666669,7.1,340.1,2025-04-21T14:46:27.668Z,0.0,0.0,1
211437160,53.532885,9.883795,0.0,357.1,2025-04-21T14:46:15.715Z,0.0,0.0,1
211450430,51.38801333333333,6.737275,5.5,214.4,2025-04-21T14:46:29.820Z,0.0,0.0,1
211455520,52.20281166666667,5.000353333333334,9.6,9.5,2025-04-21T14:46:17.481Z,0.0,0.0,1
211458160,50.581595,7.227378333333333,4.6,123.3,2025-04-21T14:46:23.861Z,0.0,0.0,1
211464390,51.331135,4.3043233333333335,8.9,157.3,2025-04-21T14:46:21.773Z,0.0,0.0,1
211470690,52.796105,7.248991666666667,0.0,326.3,2025-04-21T14:46:25.504Z,0.0,0.0,1
211475980,51.95768833333333,4.115481666666667,2.1,106.3,2025-04-21T14:46:21.694Z,0.0,0.0,1
211476070,51.88984833333333,5.48465,10.2,278.4,2025-04-21T14:45:54.001Z,0.0,0.0,1
211489640,51.97627833333333,7.662495000000001,2.9,348.0,2025-04-21T14:46:23.890Z,0.0,0.0,1
211495320,53.89725,11.46,0.0,0.0,2025-04-21T14:46:15.462Z,0.0,0.0,1
211510910,53.107165,8.740655,0.0,360.0,2025-04-21T14:46:23.889Z,0.0,0.0,1
211512540,51.894043333333336,4.411655,0.0,360.0,2025-04-21T14:46:29.900Z,0.0,0.0,1
211513110,53.53791833333333,9.869576666666669,0.0,133.7,2025-04-21T14:46:19.655Z,0.0,0.0,1
211513140,53.51391666666667,9.933286666666667,0.0,0.0,2025-04-21T14:46:23.671Z,0.0,0.0,1
211518810,52.47197666666667,13.49677,5.1,152.2,2025-04-21T14:46:29.839Z,0.0,0.0,1
211519630,52.43174333333333,13.133815,6.2,61.0,2025-04-21T14:46:29.735Z,0.0,0.0,1
211520040,52.492981666666665,13.46667,0.0,360.0,2025-04-21T14:46:19.526Z,0.0,0.0,1
211526840,53.326205,8.486896666666667,0.0,360.0,2025-04-21T14:45:54.070Z,0.0,0.0,1
211534730,50.954256666666666,6.983813333333333,0.0,360.0,2025-04-21T14:46:21.533Z,0.0,0.0,1
211537680,53.545496666666665,9.965675,0.0,145.0,2025-04-21T14:46:21.946Z,0.0,0.0,1
211539030,54.09279166666667,12.134131666666669,0.6,224.7,2025-04-21T14:46:29.636Z,0.0,0.0,1
211540110,53.51971,8.554495,1.3,20.8,2025-04-21T14:45:54.329Z,0.0,0.0,1
211540850,52.538895,13.342345,0.0,104.0,2025-04-21T14:46:23.782Z,0.0,0.0,1
211542050,53.54354166666667,9.978573333333332,0.0,252.6,2025-04-21T14:46:27.791Z,0.0,0.0,1
211547150,53.513243333333335,8.137613333333332,0.0,0.0,2025-04-21T14:46:25.834Z,0.0,0.0,1
211549170,54.17883333333334,12.087973333333334,0.9,210.1,2025-04-21T14:46:29.824Z,0.0,0.0,1
211559990,53.52038,9.889163333333332,0.0,132.0,2025-04-21T14:46:17.777Z,0.0,0.0,1
211566900,52.47815833333333,13.496413333333331,6.8,3.3,2025-04-21T14:46:27.736Z,0.0,0.0,1
211576900,53.537191666666665,8.580555,0.0,239.1,2025-04-21T14:46:25.646Z,0.0,0.0,1
211577480,51.12965,6.853475,2.2,226.9,2025-04-21T14:46:19.519Z,0.0,0.0,1
211588680,53.525975,10.002098333333333,0.0,17.0,2025-04-21T14:46:23.621Z,0.0,0.0,1
211588680,53.525975,10.002096666666668,0.0,17.0,2025-04-21T14:46:23.633Z,0.0,0.0,1
211599340,53.53635833333333,8.580363333333334,0.0,260.1,2025-04-21T14:46:25.668Z,0.0,0.0,1
211602130,53.52444666666667,9.940846666666664,0.0,0.0,2025-04-21T14:46:27.833Z,0.0,0.0,1
211617320,52.300491666666666,8.940801666666665,0.0,0.0,2025-04-21T14:46:25.734Z,0.0,0.0,1
211625590,51.45075,6.767346666666667,0.0,0.0,2025-04-21T14:46:21.487Z,0.0,0.0,1
211639750,53.54627833333333,9.983766666666666,0.0,0.0,2025-04-21T14:46:15.412Z,0.0,0.0,1
211651080,51.50279833333333,6.730261666666666,0.0,360.0,2025-04-21T14:46:15.421Z,0.0,0.0,1
211674070,50.92819833333333,6.9725166666666665,0.0,0.0,2025-04-21T14:46:17.874Z,0.0,0.0,1
211704040,53.35335166666667,8.497475,0.0,360.0,2025-04-21T14:46:27.545Z,0.0,0.0,1
211706350,53.52585,9.96637,0.0,340.1,2025-04-21T14:46:29.709Z,0.0,0.0,1
211706910,53.54493,9.956683333333332,0.0,9.6,2025-04-21T14:46:25.865Z,0.0,0.0,1
211708480,53.70720333333334,7.808478333333332,0.0,110.2,2025-04-21T14:46:15.533Z,0.0,0.0,1
211709370,53.551285,8.56606,0.0,163.8,2025-04-21T14:46:15.745Z,0.0,0.0,1
211769240,51.96028833333333,11.908115,0.6,54.9,2025-04-21T14:46:25.948Z,0.0,0.0,1
211771970,53.16336,8.620141666666665,0.0,360.0,2025-04-21T14:46:21.757Z,0.0,0.0,1
211786420,52.42995833333334,13.120791666666666,0.0,360.0,2025-04-21T14:46:17.681Z,0.0,0.0,1
211810110,52.60780333333333,12.320555,0.0,360.0,2025-04-21T14:46:19.578Z,0.0,0.0,1
211826280,54.40351833333333,10.216425,0.0,360.0,2025-04-21T14:46:27.516Z,0.0,0.0,1
211882390,51.80750166666667,4.587928333333333,11.2,274.1,2025-04-21T14:46:23.572Z,0.0,0.0,1
211896540,53.545265,9.964773333333332,0.0,313.9,2025-04-21T14:46:19.493Z,0.0,0.0,1
212115000,56.00705666666667,-3.1567066666666665,5.7,266.8,2025-04-21T14:45:54.403Z,0.0,0.0,1
212810000,56.92506333333333,8.148125,9.2,23.3,2025-04-21T14:46:27.565Z,0.0,0.0,1
215177000,36.26544333333333,-4.772616666666667,1.8,322.1,2025-04-21T14:46:29.768Z,0.0,0.0,1
215436000,58.19799666666667,9.051778333333337,17.5,222.9,2025-04-21T14:46:23.687Z,0.0,0.0,1
218005000,55.90248166666667,14.837696666666666,9.6,14.9,2025-04-21T14:46:27.508Z,0.0,0.0,1
218030480,54.37282,10.159661666666668,0.0,107.5,2025-04-21T14:46:29.552Z,0.0,0.0,1
218041400,53.88486666666667,9.11327,6.2,79.0,2025-04-21T14:45:54.089Z,0.0,0.0,1
218515000,53.62184166666667,7.155141666666666,0.1,83.1,2025-04-21T14:46:19.706Z,0.0,0.0,1
219000615,53.643265,8.08858,5.5,95.4,2025-04-21T14:46:27.566Z,0.0,0.0,1
219000742,55.01200833333333,10.472598333333334,0.9,16.2,2025-04-21T14:46:15.627Z,0.0,0.0,1
219000775,56.701566666666665,8.220988333333333,0.0,28.5,2025-04-21T14:45:54.427Z,0.0,0.0,1
219001189,56.70193,8.218946666666666,0.0,0.0,2025-04-21T14:46:15.412Z,0.0,0.0,1
219001604,56.15629333333333,12.281558333333331,6.6,327.5,2025-04-21T14:46:15.706Z,0.0,0.0,1
219002358,55.21149666666667,11.197913333333334,0.0,262.9,2025-04-21T14:46:27.651Z,0.0,0.0,1
219002416,56.1537,10.217255,0.0,103.2,2025-04-21T14:46:29.828Z,0.0,0.0,1
219025783,56.16592833333333,10.22041,0.0,249.3,2025-04-21T14:45:54.114Z,0.0,0.0,1
219029708,56.699925,8.217166666666666,0.7,130.4,2025-04-21T14:46:23.599Z,0.0,0.0,1
219031008,43.079526666666666,8.493613333333334,8.6,252.4,2025-04-21T14:46:19.727Z,0.0,0.0,1
219031203,50.9532,1.5057333333333331,13.6,43.0,2025-04-21T14:46:19.910Z,0.0,0.0,1
219230000,56.03659833333334,12.686743333333334,7.5,207.4,2025-04-21T14:46:17.848Z,0.0,0.0,1
219296000,51.044,2.354833333333333,0.1,299.0,2025-04-21T14:46:17.802Z,0.0,0.0,1
219355000,57.58765,11.701866666666666,0.1,6.0,2025-04-21T14:46:23.774Z,0.0,0.0,1
219558000,56.11049166666667,14.850615,0.0,172.9,2025-04-21T14:45:54.229Z,0.0,0.0,1
219590000,54.060206666666666,7.147326666666667,0.0,270.0,2025-04-21T14:46:25.783Z,0.0,0.0,1
219592000,55.721,12.641931666666666,12.3,44.7,2025-04-21T14:46:15.750Z,0.0,0.0,1
220284000,51.951753333333336,1.3140366666666667,0.0,359.8,2025-04-21T14:46:21.447Z,0.0,0.0,1
220284000,51.951755000000006,1.3140366666666667,0.0,354.4,2025-04-21T14:46:29.543Z,0.0,-5.400000000000034,1
224018460,43.37802333333333,-2.2514916666666664,8.1,346.7,2025-04-21T14:46:21.488Z,0.0,0.0,1
224082850,42.23532333333333,-8.733595000000001,0.0,0.0,2025-04-21T14:46:29.904Z,0.0,0.0,1
224146950,42.260025000000006,-8.782836666666666,0.0,360.0,2025-04-21T14:46:21.768Z,0.0,0.0,1
224147180,43.44707166666667,-8.901893333333334,2.5,245.0,2025-04-21T14:46:19.553Z,0.0,0.0,1
224174240,41.84383166666667,3.122275,2.8,291.9,2025-04-21T14:46:25.646Z,0.0,0.0,1
224236480,37.18215,-1.8187766666666667,0.0,360.0,2025-04-21T14:46:29.576Z,0.0,0.0,1
224256220,41.37304,2.1857800000000003,0.0,360.0,2025-04-21T14:46:15.777Z,0.0,0.0,1
224292160,28.137136666666667,-15.412151666666666,0.1,33.5,2025-04-21T14:45:54.081Z,0.0,0.0,1
224304570,41.340673333333335,2.1659083333333333,6.5,115.5,2025-04-21T14:46:27.700Z,0.0,0.0,1
224729000,39.4571,-0.3246866666666667,0.0,124.1,2025-04-21T14:46:23.599Z,0.0,0.0,1
225410000,50.965696666666666,1.5765566666666666,7.9,42.3,2025-04-21T14:46:23.861Z,0.0,0.0,1
225980532,41.34057666666667,2.1653066666666665,0.0,360.0,2025-04-21T14:46:19.727Z,0.0,0.0,1
225983132,38.17986666666666,-0.5153633333333334,19.7,106.2,2025-04-21T14:45:54.378Z,0.0,0.0,1
225992776,39.44280666666667,-0.3186299999999999,0.0,360.0,2025-04-21T14:46:29.735Z,0.0,0.0,1
226002010,51.238545,4.4615,0.0,75.7,2025-04-21T14:46:17.940Z,0.0,0.0,1
226008570,41.13775166666667,-8.595941666666667,0.0,360.0,2025-04-21T14:46:27.559Z,0.0,0.0,1
226015110,51.109575,3.4476,0.0,324.4,2025-04-21T14:46:17.777Z,0.0,0.0,1
226263000,48.38423,-4.476351666666667,0.0,0.0,2025-04-21T14:46:17.838Z,0.0,0.0,1
226347000,52.45715166666666,4.58536,0.0,185.7,2025-04-21T14:46:19.581Z,0.0,0.0,1
227002630,48.005903333333336,-4.622808333333333,13.5,106.4,2025-04-21T14:46:19.871Z,0.0,0.0,1
227002630,48.00578,-4.622298333333333,13.2,108.5,2025-04-21T14:46:25.646Z,-0.3000000000000007,2.0999999999999943,1
227006750,48.381355,-4.485095,0.0,259.1,2025-04-21T14:46:27.534Z,0.0,0.0,1
227023430,48.22607666666667,16.406271666666665,0.0,302.7,2025-04-21T14:46:15.893Z,0.0,0.0,1
227341160,46.159665,-1.2221149999999998,0.0,281.9,2025-04-21T14:46:23.569Z,0.0,0.0,1
227442000,44.58746333333333,-1.6517449999999998,6.9,176.5,2025-04-21T14:46:19.425Z,0.0,0.0,1
227681520,47.30556,-2.0814866666666667,0.0,265.4,2025-04-21T14:46:19.750Z,0.0,0.0,1
227749270,47.70606333333333,-3.368195,10.9,17.7,2025-04-21T14:46:19.753Z,0.0,0.0,1
227837760,49.19459833333334,-0.31989,0.0,304.2,2025-04-21T14:46:19.544Z,0.0,0.0,1
228061700,43.52989333333333,-1.52667,1.3,121.9,2025-04-21T14:46:29.790Z,0.0,0.0,1
228089800,49.34285333333333,-3.938793333333333,3.2,256.9,2025-04-21T14:46:23.944Z,0.0,0.0,1
228181440,49.76788,-0.5821000000000001,2.4,266.8,2025-04-21T14:45:54.114Z,0.0,0.0,1
228258000,47.45099666666667,-3.704426666666667,3.1,322.5,2025-04-21T14:46:27.790Z,0.0,0.0,1
228264000,49.61861333333333,-0.2380933333333333,3.9,21.0,2025-04-21T14:46:19.822Z,0.0,0.0,1
228279900,43.395165,4.9849,4.6,56.1,2025-04-21T14:45:54.096Z,0.0,0.0,1
228284800,49.475303333333336,0.13291,0.0,226.8,2025-04-21T14:46:17.689Z,0.0,0.0,1
228336000,48.233871666666666,-4.94406,9.5,43.3,2025-04-21T14:46:21.677Z,0.0,0.0,1
228344800,49.38733666666667,1.008916666666667,0.0,313.4,2025-04-21T14:46:19.589Z,0.0,0.0,1
228355800,48.71873666666667,-3.966236666666666,0.0,233.2,2025-04-21T14:46:25.688Z,0.0,0.0,1
228357700,44.658750000000005,-1.143711666666667,0.0,0.0,2025-04-21T14:46:19.426Z,0.0,0.0,1
228408900,52.254955,-6.338748333333333,0.0,143.2,2025-04-21T14:46:15.613Z,0.0,0.0,1
228414800,47.274845,-2.197713333333333,0.0,86.7,2025-04-21T14:45:54.172Z,0.0,0.0,1
228417600,50.975766666666665,1.8451,13.0,255.4,2025-04-21T14:46:27.735Z,0.0,0.0,1
228435600,46.72654166666667,-2.349105,0.0,156.8,2025-04-21T14:46:21.937Z,0.0,0.0,1
228467900,51.29790333333334,4.2705,0.0,275.6,2025-04-21T14:45:53.869Z,0.0,0.0,1
228939000,49.48304,-0.4275983333333333,7.5,321.6,2025-04-21T14:46:19.441Z,0.0,0.0,1
229044000,56.29551666666667,-2.2764666666666664,0.0,57.4,2025-04-21T14:45:54.293Z,0.0,0.0,1
229246000,53.85301333333334,6.562985,9.9,256.2,2025-04-21T14:46:19.539Z,0.0,0.0,1
229319000,28.140631666666664,-15.415065,0.0,163.6,2025-04-21T14:46:29.947Z,0.0,0.0,1
229412000,43.655085,-8.655091666666667,10.4,69.1,2025-04-21T14:46:17.520Z,0.0,0.0,1
230099950,60.10502333333333,24.974271666666667,0.0,238.6,2025-04-21T14:45:54.159Z,0.0,0.0,1
230110440,59.90059,22.42547833333333,8.2,310.0,2025-04-21T14:46:19.594Z,0.0,0.0,1
230111090,60.461585,26.96345833333333,0.1,318.5,2025-04-21T14:46:21.684Z,0.0,0.0,1
230167530,59.32214,18.03871666666667,0.0,286.0,2025-04-21T14:46:15.745Z,0.0,0.0,1
230180470,59.80883666666667,22.91054833333333,0.0,236.3,2025-04-21T14:45:53.906Z,0.0,0.0,1
230184000,59.34704666666666,18.13243333333333,8.1,120.9,2025-04-21T14:46:19.687Z,0.0,0.0,1
230355000,60.29499333333333,22.299696666666662,0.0,347.4,2025-04-21T14:45:54.338Z,0.0,0.0,1
230643000,53.982616666666665,10.92076,11.3,52.3,2025-04-21T14:46:29.652Z,0.0,0.0,1
230685000,59.92671333333333,25.09451333333333,14.9,9.7,2025-04-21T14:45:53.865Z,0.0,0.0,1
230696000,55.85858666666666,12.833445,0.0,26.2,2025-04-21T14:46:25.858Z,0.0,0.0,1
230938210,60.21862,22.095166666666668,0.0,185.1,2025-04-21T14:46:15.679Z,0.0,0.0,1
230994870,60.17104833333334,24.96888333333333,6.9,269.4,2025-04-21T14:46:29.735Z,0.0,0.0,1
231025000,59.901755,10.742118333333334,0.0,349.6,2025-04-21T14:46:19.734Z,0.0,0.0,1
231812000,59.05477,5.284325,4.1,62.5,2025-04-21T14:46:25.808Z,0.0,0.0,1
231846000,56.04561666666667,12.686843333333334,0.0,262.0,2025-04-21T14:46:23.598Z,0.0,0.0,1
231854000,62.007113333333336,-6.77263,0.0,145.9,2025-04-21T14:46:17.638Z,0.0,0.0,1
231906000,59.75933166666667,19.809281666666667,8.4,321.4,2025-04-21T14:46:29.699Z,0.0,0.0,1
232002836,50.358955,-4.137031666666667,9.7,193.1,2025-04-21T14:46:19.887Z,0.0,0.0,1
232003852,50.51025,-0.5287833333333334,2.5,2.5,2025-04-21T14:46:23.602Z,0.0,0.0,1
232005520,49.818975,-4.412118333333334,4.2,83.6,2025-04-21T14:46:21.433Z,0.0,0.0,1
232007487,51.44611,0.742505,0.0,74.7,2025-04-21T14:46:23.624Z,0.0,0.0,1
232008120,51.44482,0.3965316666666666,0.0,203.9,2025-04-21T14:46:25.720Z,0.0,0.0,1
232008821,51.501983333333335,-0.0576766666666666,11.6,74.3,2025-04-21T14:46:27.664Z,0.0,0.0,1
232021737,51.95108833333334,1.313975,0.0,359.6,2025-04-21T14:46:29.642Z,0.0,0.0,1
232023209,39.45968666666667,-0.3281183333333333,0.0,18.0,2025-04-21T14:45:54.389Z,0.0,0.0,1
232024332,51.444395,3.589075,0.0,301.0,2025-04-21T14:45:54.121Z,0.0,0.0,1
232031135,58.91939,-3.060435,9.4,239.2,2025-04-21T14:46:27.844Z,0.0,0.0,1
232031183,53.247125,5.167448333333334,10.2,323.0,2025-04-21T14:46:19.800Z,0.0,0.0,1
232031538,51.0416,2.363405,0.0,170.5,2025-04-21T14:46:17.789Z,0.0,0.0,1
232032107,51.49665,1.0372416666666666,8.2,274.9,2025-04-21T14:46:27.674Z,0.0,0.0,1
232035358,51.97782666666667,1.9543483333333331,0.0,360.0,2025-04-21T14:46:21.694Z,0.0,0.0,1
232046488,55.98348833333333,-3.1695550000000003,0.0,43.3,2025-04-21T14:46:15.526Z,0.0,0.0,1
232056674,56.06213,-2.139553333333333,19.4,173.0,2025-04-21T14:46:15.791Z,0.0,0.0,1
232056807,52.42945,1.85533,25.5,285.3,2025-04-21T14:46:23.609Z,0.0,0.0,1
232058017,51.45377666666666,0.3347633333333333,2.1,315.4,2025-04-21T14:46:15.613Z,0.0,0.0,1
232058321,53.58581166666667,-0.0602933333333333,11.6,260.9,2025-04-21T14:46:21.436Z,0.0,0.0,1
232059444,53.73934333333333,-0.262635,0.4,235.1,2025-04-21T14:46:29.778Z,0.0,0.0,1
232503000,57.695816666666666,-2.0013666666666667,0.0,7.6,2025-04-21T14:46:29.543Z,0.0,0.0,1
235000500,56.068715,-2.961593333333333,7.9,231.2,2025-04-21T14:46:15.721Z,0.0,0.0,1
235001756,49.457458333333335,-2.5306833333333336,0.0,0.0,2025-04-21T14:46:19.827Z,0.0,0.0,1
235002718,54.17845166666667,-5.1527666666666665,3.1,45.7,2025-04-21T14:46:19.508Z,0.0,0.0,1
235021947,51.49644333333333,-2.6983683333333333,0.0,71.6,2025-04-21T14:46:27.594Z,0.0,0.0,1
235031618,50.74797,-1.16919,10.2,74.5,2025-04-21T14:46:25.678Z,0.0,0.0,1
235032079,52.47465833333333,1.7190116666666666,0.0,194.3,2025-04-21T14:46:19.746Z,0.0,0.0,1
235054851,51.48556666666666,-0.01609,10.8,276.9,2025-04-21T14:46:23.777Z,0.0,0.0,1
235054917,51.504893333333335,-0.03093,8.2,158.7,2025-04-21T14:46:23.682Z,0.0,0.0,1
235055144,51.50428333333333,-0.0741283333333333,0.0,21.3,2025-04-21T14:46:19.884Z,0.0,0.0,1
235064475,53.57758666666667,-0.076005,0.0,280.7,2025-04-21T14:46:25.668Z,0.0,0.0,1
235066588,50.39340833333333,-4.187491666666667,0.1,14.0,2025-04-21T14:45:53.982Z,0.0,0.0,1
235066825,50.800605,-1.1104416666666663,0.0,360.0,2025-04-21T14:46:21.940Z,0.0,0.0,1
235068025,37.47225,23.667483333333333,0.0,340.0,2025-04-21T14:46:29.723Z,0.0,0.0,1
235068328,51.655793333333335,4.101455,0.0,128.0,2025-04-21T14:46:29.646Z,0.0,0.0,1
235068802,50.53373333333333,-1.61175,2.3,259.0,2025-04-21T14:46:23.836Z,0.0,0.0,1
235073592,52.45842,4.59539,0.0,188.5,2025-04-21T14:46:27.636Z,0.0,0.0,1
235074298,50.809035,-1.1062683333333332,0.0,99.6,2025-04-21T14:46:23.599Z,0.0,0.0,1
235081002,52.658885000000005,5.601171666666667,0.0,129.6,2025-04-21T14:46:15.695Z,0.0,0.0,1
235083501,60.76194,4.028371666666667,14.0,178.2,2025-04-21T14:46:21.407Z,0.0,0.0,1
235085243,51.383206666666666,1.7022383333333333,8.0,17.2,2025-04-21T14:46:23.877Z,0.0,0.0,1
235086878,52.09903333333333,4.26965,0.0,124.6,2025-04-21T14:46:25.758Z,0.0,0.0,1
235092439,51.456675,1.26564,21.8,95.6,2025-04-21T14:46:25.646Z,0.0,0.0,1
235096106,57.50293333333333,-1.7723616666666666,0.0,91.1,2025-04-21T14:46:23.608Z,0.0,0.0,1
235099749,36.145583333333335,-4.473833333333333,12.6,84.0,2025-04-21T14:46:15.826Z,0.0,0.0,1
235099933,53.432935,-2.9994333333333336,0.0,0.0,2025-04-21T14:46:17.753Z,0.0,0.0,1
235101651,51.947453333333335,1.2915616666666667,0.1,360.0,2025-04-21T14:46:21.719Z,0.0,0.0,1
235103431,51.32968666666667,1.4222216666666665,0.0,162.0,2025-04-21T14:46:23.865Z,0.0,0.0,1
235107648,51.329315,1.4199383333333333,0.1,110.2,2025-04-21T14:46:23.788Z,0.0,0.0,1
235113128,51.950895,1.3131166666666667,0.0,103.3,2025-04-21T14:46:21.582Z,0.0,0.0,1
235114458,50.8115,-1.0913333333333337,0.1,259.0,2025-04-21T14:46:21.643Z,0.0,0.0,1
235114648,51.81820833333334,4.044246666666667,0.0,0.0,2025-04-21T14:46:25.729Z,0.0,0.0,1
236111925,59.35444,17.96496,0.0,297.3,2025-04-21T14:46:15.782Z,0.0,0.0,1
236399000,54.03143,0.2209666666666666,10.6,11.5,2025-04-21T14:46:21.430Z,0.0,0.0,1
237013400,37.7459,23.42558166666667,0.0,85.9,2025-04-21T14:46:15.716Z,0.0,0.0,1
237816200,37.95987,23.54523333333333,0.4,7.5,2025-04-21T14:46:21.422Z,0.0,0.0,1
238055000,39.56797666666667,2.6422516666666667,0.0,360.0,2025-04-21T14:46:17.636Z,0.0,0.0,1
239211700,37.916475,23.10191833333333,0.0,360.0,2025-04-21T14:46:27.931Z,0.0,0.0,1
239384800,37.91164666666667,23.702916666666667,2.7,10.1,2025-04-21T14:46:27.545Z,0.0,0.0,1
239552000,37.350766666666665,23.46663333333333,0.0,146.5,2025-04-21T14:46:25.846Z,0.0,0.0,1
239670000,37.932,23.68018333333333,0.0,237.9,2025-04-21T14:46:29.837Z,0.0,0.0,1
239719900,37.774355,23.48822333333333,5.6,18.4,2025-04-21T14:46:19.453Z,0.0,0.0,1
239737000,37.43996666666667,24.9425,0.0,269.0,2025-04-21T14:46:23.877Z,0.0,0.0,1
239800500,37.87871333333333,23.72743,0.0,324.1,2025-04-21T14:46:21.624Z,0.0,0.0,1
240123500,37.912686666666666,23.70219833333333,0.0,360.0,2025-04-21T14:46:17.567Z,0.0,0.0,1
240190400,37.96163666666666,23.565991666666665,0.1,139.0,2025-04-21T14:46:15.785Z,0.0,0.0,1
240293300,37.91245166666667,23.702456666666667,0.0,360.0,2025-04-21T14:46:15.879Z,0.0,0.0,1
240381000,37.932300000000005,23.682251666666662,0.0,0.0,2025-04-21T14:46:15.527Z,0.0,0.0,1
240444300,37.91404166666667,23.70554333333333,0.0,360.0,2025-04-21T14:46:21.703Z,0.0,0.0,1
240827000,37.23430333333333,24.815743333333334,10.8,220.5,2025-04-21T14:46:21.434Z,0.0,0.0,1
240925000,37.46425,25.323016666666668,0.5,120.0,2025-04-21T14:46:19.488Z,0.0,0.0,1
241520000,49.76550666666667,-4.269585,12.5,265.4,2025-04-21T14:46:17.487Z,0.0,0.0,1
241803000,37.74564333333333,23.42712333333333,0.0,303.1,2025-04-21T14:46:19.649Z,0.0,0.0,1
242163100,33.71449,-7.393521666666667,0.0,274.5,2025-04-21T14:46:21.651Z,0.0,0.0,1
242496400,36.20158333333333,-4.750633333333334,1.2,3.7,2025-04-21T14:46:29.830Z,0.0,0.0,1
244000693,49.50592833333334,8.454451666666667,0.0,360.0,2025-04-21T14:46:19.646Z,0.0,0.0,1
244001557,51.49932333333334,3.62853,0.0,103.9,2025-04-21T14:46:23.728Z,0.0,0.0,1
244002095,52.45632833333333,5.823028333333334,0.0,0.0,2025-04-21T14:46:29.750Z,0.0,0.0,1
244002225,51.970905,5.310261666666666,0.0,110.9,2025-04-21T14:45:54.133Z,0.0,0.0,1
244008741,52.377655,4.899175,2.1,349.2,2025-04-21T14:46:21.822Z,0.0,0.0,1
244009619,51.920876666666665,4.251788333333334,0.0,360.0,2025-04-21T14:46:21.871Z,0.0,0.0,1
244010025,51.88982166666666,4.635531666666666,0.0,360.0,2025-04-21T14:46:29.694Z,0.0,0.0,1
244010067,51.44674166666667,3.58829,0.0,18.9,2025-04-21T14:45:54.412Z,0.0,0.0,1
244010190,51.89447500000001,4.476755,0.1,360.0,2025-04-21T14:46:27.696Z,0.0,0.0,1
244010219,51.89532,4.274413333333333,1.6,51.8,2025-04-21T14:46:21.572Z,0.0,0.0,1
244010301,51.82137,4.049286666666666,0.0,360.0,2025-04-21T14:46:29.841Z,0.0,0.0,1
244012683,51.890015,4.316753333333334,1.1,28.3,2025-04-21T14:46:19.585Z,0.0,0.0,1
244013483,52.367201666666666,4.895253333333333,0.0,360.0,2025-04-21T14:46:25.827Z,0.0,0.0,1
244016729,52.40325666666667,4.88384,0.0,360.0,2025-04-21T14:46:23.648Z,0.0,0.0,1
244020365,51.92138333333333,4.499501666666666,0.0,360.0,2025-04-21T14:46:25.487Z,0.0,0.0,1
244021583,52.420640000000006,4.851416666666666,0.0,360.0,2025-04-21T14:46:17.943Z,0.0,0.0,1
244029280,52.46046833333333,5.100138333333334,0.0,360.0,2025-04-21T14:46:23.591Z,0.0,0.0,1
244030123,52.09892333333333,4.2693900000000005,0.1,348.4,2025-04-21T14:45:54.330Z,0.0,0.0,1
244030857,51.532315,4.230621666666667,9.3,19.1,2025-04-21T14:46:19.542Z,0.0,0.0,1
244032246,50.998360000000005,5.772225000000001,0.0,360.0,2025-04-21T14:46:19.465Z,0.0,0.0,1
244032368,53.175945,5.439996666666668,0.0,360.0,2025-04-21T14:45:54.338Z,0.0,0.0,1
244034905,51.77044,5.737365,0.0,360.0,2025-04-21T14:46:25.646Z,0.0,0.0,1
244037291,51.81314,4.883501666666667,0.0,310.0,2025-04-21T14:46:19.681Z,0.0,0.0,1
244038426,52.37800333333333,4.897776666666667,0.0,360.0,2025-04-21T14:45:53.845Z,0.0,0.0,1
244047000,51.396238333333336,3.752383333333333,9.5,126.2,2025-04-21T14:46:25.743Z,0.0,0.0,1
244057148,52.36502333333333,4.894056666666667,3.4,104.1,2025-04-21T14:46:29.926Z,0.0,0.0,1
244057574,52.3651,4.8966400000000005,0.0,360.0,2025-04-21T14:46:27.713Z,0.0,0.0,1
244060885,51.90900666666666,4.562541666666666,0.0,265.8,2025-04-21T14:46:27.694Z,0.0,0.0,1
244070618,51.87367,6.036286666666667,6.6,113.2,2025-04-21T14:46:23.761Z,0.0,0.0,1
244090107,51.9383,4.204466666666667,9.6,301.5,2025-04-21T14:45:54.136Z,0.0,0.0,1
244101977,52.41158,4.752385,0.0,315.8,2025-04-21T14:46:21.551Z,0.0,0.0,1
244110825,52.41715333333333,4.8058716666666665,0.0,360.0,2025-04-21T14:46:27.809Z,0.0,0.0,1
244130277,53.18127833333333,5.518955,0.0,360.0,2025-04-21T14:46:17.602Z,0.0,0.0,1
244140886,51.246595,4.353155,0.1,318.2,2025-04-21T14:46:27.867Z,0.0,0.0,1
244150122,52.46357833333333,4.949193333333333,0.0,360.0,2025-04-21T14:46:23.773Z,0.0,0.0,1
244150437,51.89471666666667,4.4764550000000005,0.0,360.0,2025-04-21T14:46:25.676Z,0.0,0.0,1
244150637,52.09509333333333,4.265135,0.0,360.0,2025-04-21T14:46:21.728Z,0.0,0.0,1
244150813,51.98635333333333,4.078033333333333,14.8,290.0,2025-04-21T14:46:15.550Z,0.0,0.0,1
244153545,51.82723166666666,4.129858333333334,0.0,360.0,2025-04-21T14:46:19.760Z,0.0,0.0,1
244170431,51.325775,4.336340000000001,0.0,0.0,2025-04-21T14:45:54.356Z,0.0,0.0,1
244182833,53.17445,5.434815,0.0,360.0,2025-04-21T14:46:27.886Z,0.0,0.0,1
244213000,52.937176666666666,5.033281666666666,0.0,199.8,2025-04-21T14:46:19.728Z,0.0,0.0,1
244253884,53.174515,5.433415,0.0,360.0,2025-04-21T14:46:19.757Z,0.0,0.0,1
244260938,51.90114166666667,4.534566666666667,6.9,70.6,2025-04-21T14:45:53.993Z,0.0,0.0,1
244287360,53.10836333333334,6.036205,4.9,87.2,2025-04-21T14:45:54.370Z,0.0,0.0,1
244290152,52.22793333333333,5.4808433333333335,0.0,263.7,2025-04-21T14:46:19.820Z,0.0,0.0,1
244315662,53.02341666666667,5.686661666666667,0.0,0.0,2025-04-21T14:46:21.456Z,0.0,0.0,1
244326000,51.228188333333335,2.92886,1.9,339.0,2025-04-21T14:46:25.853Z,0.0,0.0,1
244328000,51.425648333333335,3.32804,8.1,244.4,2025-04-21T14:46:15.920Z,0.0,0.0,1
244374235,52.34970166666667,4.90921,102.3,360.0,2025-04-21T14:46:23.570Z,0.0,0.0,1
244377387,52.31615,10.48051,0.0,63.8,2025-04-21T14:46:21.829Z,0.0,0.0,1
244387111,52.37036833333333,4.915096666666667,0.0,360.0,2025-04-21T14:46:21.524Z,0.0,0.0,1
244482000,51.276226666666666,4.352616666666666,0.0,3.9,2025-04-21T14:46:23.762Z,0.0,0.0,1
244573147,53.21274666666667,6.560059999999999,0.0,0.0,2025-04-21T14:46:23.645Z,0.0,0.0,1
244615424,51.17120666666666,6.798875,9.7,0.5,2025-04-21T14:46:25.499Z,0.0,0.0,1
244615682,51.423045,6.7293183333333335,11.2,314.8,2025-04-21T14:46:23.829Z,0.0,0.0,1
244620938,51.91542166666667,4.242793333333333,10.2,307.5,2025-04-21T14:46:17.602Z,0.0,0.0,1
244620972,52.00889666666667,4.690331666666666,0.0,360.0,2025-04-21T14:46:17.532Z,0.0,0.0,1
244630173,47.79188333333333,7.527213333333333,0.0,360.0,2025-04-21T14:46:15.690Z,0.0,0.0,1
244630683,51.30784166666667,6.735366666666667,5.7,193.1,2025-04-21T14:46:19.874Z,0.0,0.0,1
244630717,51.712715,4.808678333333333,7.5,280.6,2025-04-21T14:45:53.978Z,0.0,0.0,1
244630718,51.83068166666667,4.517875,7.8,111.5,2025-04-21T14:46:29.719Z,0.0,0.0,1
244630797,51.93022,4.1938683333333335,0.0,360.0,2025-04-21T14:46:29.634Z,0.0,0.0,1
244630945,51.929715,4.159339999999999,9.1,112.4,2025-04-21T14:46:29.582Z,0.0,0.0,1
244650333,52.61209166666666,5.800658333333333,5.0,90.0,2025-04-21T14:46:15.449Z,0.0,0.0,1
244650750,51.90827333333333,4.5503350000000005,0.1,330.1,2025-04-21T14:46:19.556Z,0.0,0.0,1
244650757,52.62764166666667,4.755965,0.0,360.0,2025-04-21T14:46:27.859Z,0.0,0.0,1
244650885,51.46129,3.685235,0.0,219.3,2025-04-21T14:46:19.508Z,0.0,0.0,1
244650886,51.46119833333333,3.685005,0.0,360.0,2025-04-21T14:46:25.884Z,0.0,0.0,1
244650947,51.817815,4.663418333333333,0.0,360.0,2025-04-21T14:46:23.569Z,0.0,0.0,1
244650979,51.99086333333333,5.097503333333333,0.0,360.0,2025-04-21T14:46:25.618Z,0.0,0.0,1
244650992,51.83618333333333,4.433364999999999,7.8,120.3,2025-04-21T14:46:17.493Z,0.0,0.0,1
244660048,52.38628666666667,4.940155,0.0,276.6,2025-04-21T14:46:29.561Z,0.0,0.0,1
244660056,51.83359,4.511458333333334,9.9,291.7,2025-04-21T14:46:27.666Z,0.0,0.0,1
244660108,51.293615,4.33282,8.0,336.4,2025-04-21T14:46:21.772Z,0.0,0.0,1
244660126,51.275686666666665,4.3310466666666665,1.2,312.8,2025-04-21T14:46:15.762Z,0.0,0.0,1
244660328,50.956725,6.980301666666667,5.8,239.4,2025-04-21T14:46:27.921Z,0.0,0.0,1
244660359,52.72044166666667,5.5612916666666665,7.9,198.5,2025-04-21T14:46:25.907Z,0.0,0.0,1
244660394,51.504475,4.262495,0.1,186.0,2025-04-21T14:45:53.877Z,0.0,0.0,1
244660665,50.10660166666666,8.718478333333334,1.3,335.2,2025-04-21T14:46:27.628Z,0.0,0.0,1
244660713,52.39723833333333,4.884533333333334,0.0,349.1,2025-04-21T14:45:53.942Z,0.0,0.0,1
244660727,51.867855,5.943183333333334,8.3,325.3,2025-04-21T14:46:15.754Z,0.0,0.0,1
244660800,51.25061166666667,4.390881666666667,0.0,360.0,2025-04-21T14:46:19.496Z,0.0,0.0,1
244660908,52.355365,4.973846666666666,9.5,302.2,2025-04-21T14:46:21.552Z,0.0,0.0,1
244660941,53.173786666666665,5.41096,0.0,360.0,2025-04-21T14:46:27.752Z,0.0,0.0,1
244660955,49.02168666666667,8.300926666666667,3.8,187.0,2025-04-21T14:46:27.727Z,0.0,0.0,1
244670113,51.88866166666666,4.418098333333333,0.0,360.0,2025-04-21T14:45:54.366Z,0.0,0.0,1
244670183,51.84991,6.106611666666667,0.0,360.0,2025-04-21T14:46:29.826Z,0.0,0.0,1
244670199,50.79014166666666,5.691191666666667,0.0,360.0,2025-04-21T14:45:54.300Z,0.0,0.0,1
244670290,52.614825,5.847615,5.9,253.4,2025-04-21T14:46:17.691Z,0.0,0.0,1
244670341,51.85091166666667,5.85102,0.0,307.6,2025-04-21T14:46:17.816Z,0.0,0.0,1
244670428,51.333355,3.825328333333333,0.0,255.7,2025-04-21T14:46:21.727Z,0.0,0.0,1
244670433,51.24035,4.481505,5.2,83.3,2025-04-21T14:46:21.524Z,0.0,0.0,1
244670565,52.42057666666666,4.8507050000000005,0.0,0.0,2025-04-21T14:46:23.587Z,0.0,0.0,1
244670736,53.10899333333334,6.06995,0.0,360.0,2025-04-21T14:46:17.777Z,0.0,0.0,1
244670846,52.62881333333333,6.0515083333333335,0.0,0.0,2025-04-21T14:46:25.898Z,0.0,0.0,1
244670996,51.9005,4.383056666666667,0.0,360.0,2025-04-21T14:46:15.690Z,0.0,0.0,1
244687000,53.423253333333335,5.809598333333333,7.0,294.5,2025-04-21T14:46:21.601Z,0.0,0.0,1
244690071,51.347615000000005,6.663648333333333,4.4,119.6,2025-04-21T14:46:25.503Z,0.0,0.0,1
244690212,51.90597,4.465043333333333,0.0,360.0,2025-04-21T14:46:23.719Z,0.0,0.0,1
244690320,51.84796166666667,5.818898333333333,0.0,360.0,2025-04-21T14:46:21.745Z,0.0,0.0,1
244690405,51.90414166666667,4.466073333333333,0.1,319.1,2025-04-21T14:46:15.919Z,0.0,0.0,1
244690441,51.8272,4.965118333333334,0.0,0.0,2025-04-21T14:46:23.861Z,0.0,0.0,1
244690471,51.75351,5.84426,0.0,183.4,2025-04-21T14:46:25.760Z,0.0,0.0,1
244690475,51.90916666666667,4.564018333333333,0.0,280.4,2025-04-21T14:46:27.767Z,0.0,0.0,1
244690618,51.81854166666667,5.2561116666666665,9.2,260.3,2025-04-21T14:46:19.540Z,0.0,0.0,1
244690646,51.89205333333334,5.688096666666667,0.0,203.7,2025-04-21T14:46:21.829Z,0.0,0.0,1
244690712,52.36488333333333,4.896658333333334,0.9,68.3,2025-04-21T14:46:15.510Z,0.0,0.0,1
244690795,51.27937,4.38365,0.0,80.4,2025-04-21T14:46:21.524Z,0.0,0.0,1
244690905,51.812565,5.134379999999999,0.0,311.7,2025-04-21T14:46:29.942Z,0.0,0.0,1
244690968,51.96048,4.124085,0.1,160.3,2025-04-21T14:46:17.518Z,0.0,0.0,1
244700273,52.403578333333336,4.782975,0.0,284.7,2025-04-21T14:46:23.711Z,0.0,0.0,1
244700331,51.96796833333334,4.039283333333334,0.0,197.9,2025-04-21T14:46:21.864Z,0.0,0.0,1
244700404,52.15672,4.513875,0.0,0.0,2025-04-21T14:46:15.433Z,0.0,0.0,1
244700473,52.32909,5.068341666666667,0.0,360.0,2025-04-21T14:46:23.646Z,0.0,0.0,1
244700534,51.897286666666666,4.460916666666666,0.0,0.0,2025-04-21T14:46:23.636Z,0.0,0.0,1
244700619,52.57082666666667,4.746198333333334,0.0,360.0,2025-04-21T14:46:21.583Z,0.0,0.0,1
244700632,51.10047,3.69494,0.0,360.0,2025-04-21T14:46:17.789Z,0.0,0.0,1
244700830,51.44808666666667,6.773095,0.0,267.4,2025-04-21T14:46:17.869Z,0.0,0.0,1
244710199,52.63449166666667,4.7466116666666665,0.0,360.0,2025-04-21T14:46:25.781Z,0.0,0.0,1
244710228,52.362205,5.632651666666666,0.0,360.0,2025-04-21T14:46:15.720Z,0.0,0.0,1
244710241,51.330648333333336,3.82387,0.0,0.0,2025-04-21T14:46:29.656Z,0.0,0.0,1
244710299,52.63401,4.74794,0.0,360.0,2025-04-21T14:46:29.857Z,0.0,0.0,1
244710300,52.160575,4.505676666666667,0.0,360.0,2025-04-21T14:46:25.911Z,0.0,0.0,1
244710454,51.91556833333333,4.483175,0.0,258.3,2025-04-21T14:46:23.614Z,0.0,0.0,1
244710663,52.58796,6.093333333333334,0.0,360.0,2025-04-21T14:46:27.528Z,0.0,0.0,1
244710671,52.39179333333333,4.887136666666667,0.0,360.0,2025-04-21T14:45:54.174Z,0.0,0.0,1
244710803,51.78497,5.364426666666666,1.0,299.9,2025-04-21T14:45:54.032Z,0.0,0.0,1
244710879,52.441008333333336,4.824486666666667,2.1,149.3,2025-04-21T14:46:23.590Z,0.0,0.0,1
244710944,51.79713,5.825733333333333,6.9,141.2,2025-04-21T14:46:21.420Z,0.0,0.0,1
244710985,52.49405166666666,5.0770133333333325,0.0,0.0,2025-04-21T14:46:23.625Z,0.0,0.0,1
244715282,52.20303166666667,4.646505,0.0,360.0,2025-04-21T14:46:19.714Z,0.0,0.0,1
244730333,51.74284166666666,3.889971666666667,0.0,325.2,2025-04-21T14:45:54.229Z,0.0,0.0,1
244730432,51.509595,6.729086666666666,1.8,359.7,2025-04-21T14:46:29.608Z,0.0,0.0,1
244730617,51.087955,3.6643,0.0,360.0,2025-04-21T14:46:17.789Z,0.0,0.0,1
244730843,51.67672,7.761201666666666,0.0,360.0,2025-04-21T14:46:27.940Z,0.0,0.0,1
244730968,52.451325,5.830875000000001,0.0,360.0,2025-04-21T14:46:23.609Z,0.0,0.0,1
244733553,52.45678333333333,5.251333333333333,8.0,59.0,2025-04-21T14:46:17.499Z,0.0,0.0,1
244740654,52.38489333333334,4.891258333333334,0.0,0.0,2025-04-21T14:46:29.868Z,0.0,0.0,1
244740890,51.99091166666666,5.097865,0.0,0.0,2025-04-21T14:45:54.135Z,0.0,0.0,1
244740972,52.48404333333334,5.061248333333333,0.0,360.0,2025-04-21T14:46:15.858Z,0.0,0.0,1
244750254,52.365105,4.89745,3.5,256.5,2025-04-21T14:46:25.836Z,0.0,0.0,1
244750262,52.37914833333333,4.896541666666667,0.0,360.0,2025-04-21T14:46:17.884Z,0.0,0.0,1
244750451,51.75285833333333,5.836758333333333,0.0,360.0,2025-04-21T14:46:25.838Z,0.0,0.0,1
244750554,51.997148333333335,4.366778333333333,0.0,360.0,2025-04-21T14:46:23.702Z,0.0,0.0,1
244750563,51.82680166666667,4.975291666666666,0.0,0.0,2025-04-21T14:46:23.767Z,0.0,0.0,1
244750892,51.54454166666667,3.867948333333333,0.0,360.0,2025-04-21T14:46:15.434Z,0.0,0.0,1
244757000,51.966695,4.047985,7.1,110.0,2025-04-21T14:46:19.897Z,0.0,0.0,1
244763000,53.17657333333333,5.441563333333334,0.0,275.0,2025-04-21T14:46:29.752Z,0.0,0.0,1
244770038,51.81751166666666,4.665443333333333,0.0,284.5,2025-04-21T14:46:21.455Z,0.0,0.0,1
244770340,51.666646666666665,4.166623333333333,0.0,172.4,2025-04-21T14:46:15.421Z,0.0,0.0,1
244770697,51.44741833333333,3.584653333333333,0.0,280.2,2025-04-21T14:45:54.393Z,0.0,0.0,1
244770737,53.17526166666666,5.4486083333333335,0.0,0.0,2025-04-21T14:46:17.848Z,0.0,0.0,1
244780174,51.812275,5.2376016666666665,0.0,0.0,2025-04-21T14:46:15.692Z,0.0,0.0,1
244780350,52.37646333333333,4.89787,0.0,0.0,2025-04-21T14:46:23.844Z,0.0,0.0,1
244780460,52.63667,5.063211666666667,0.0,360.0,2025-04-21T14:46:17.561Z,0.0,0.0,1
244780460,52.63667,5.063211666666667,0.0,0.0,2025-04-21T14:46:17.562Z,0.0,-360.0,1
244780635,52.36896333333333,4.89253,0.0,360.0,2025-04-21T14:46:29.749Z,0.0,0.0,1
244780649,52.3672,4.895175,0.0,360.0,2025-04-21T14:46:23.746Z,0.0,0.0,1
244780655,52.37620666666667,4.897435,0.0,360.0,2025-04-21T14:46:25.646Z,0.0,0.0,1
244780658,51.907215,4.344866666666666,0.0,0.0,2025-04-21T14:45:54.037Z,0.0,0.0,1
244780760,51.975145,5.86754,0.0,0.0,2025-04-21T14:45:54.089Z,0.0,0.0,1
244780777,53.171555,5.4118,0.0,0.0,2025-04-21T14:45:53.831Z,0.0,0.0,1
244780927,53.10899,6.063763333333333,0.0,0.0,2025-04-21T14:46:21.899Z,0.0,0.0,1
244790679,53.12029166666667,8.747663333333332,0.0,360.0,2025-04-21T14:46:27.815Z,0.0,0.0,1
244790684,53.409668333333336,6.211258333333333,0.0,218.4,2025-04-21T14:46:15.676Z,0.0,0.0,1
244810000,50.72705666666666,1.5881733333333334,0.0,157.0,2025-04-21T14:46:29.569Z,0.0,0.0,1
244810085,52.46511666666667,5.039321666666667,0.0,360.0,2025-04-21T14:46:21.697Z,0.0,0.0,1
244810127,51.82126333333333,4.135518333333334,0.1,66.9,2025-04-21T14:46:25.826Z,0.0,0.0,1
244820561,52.39079166666667,4.8859216666666665,0.0,360.0,2025-04-21T14:46:21.796Z,0.0,0.0,1
244830470,51.75295833333333,5.836608333333333,0.0,0.0,2025-04-21T14:46:19.787Z,0.0,0.0,1
244830512,51.82975833333333,4.552643333333333,5.4,134.4,2025-04-21T14:46:27.734Z,0.0,0.0,1
244830522,51.91166333333333,4.580081666666667,0.0,0.0,2025-04-21T14:46:29.543Z,0.0,0.0,1
244830774,53.02065833333334,5.688421666666667,0.0,272.3,2025-04-21T14:46:25.671Z,0.0,0.0,1
244830959,51.71994166666666,4.632181666666667,5.1,258.6,2025-04-21T14:46:15.844Z,0.0,0.0,1
244836000,52.459,4.594383333333334,0.0,48.9,2025-04-21T14:45:54.054Z,0.0,0.0,1
244859000,58.16057,8.575573333333333,9.0,229.8,2025-04-21T14:46:21.829Z,0.0,0.0,1
244865000,50.1776,-3.9618883333333335,9.7,132.5,2025-04-21T14:46:19.589Z,0.0,0.0,1
244870156,52.42474666666667,4.849243333333334,0.0,360.0,2025-04-21T14:46:29.610Z,0.0,0.0,1
244870324,51.34131666666666,3.826601666666667,0.0,229.7,2025-04-21T14:46:15.511Z,0.0,0.0,1
244870327,56.11144,15.581276666666668,10.8,201.8,2025-04-21T14:46:17.497Z,0.0,0.0,1
244870878,53.18316833333333,5.561800000000001,0.0,360.0,2025-04-21T14:46:29.826Z,0.0,0.0,1
244880000,56.69889833333333,8.218875,0.1,260.3,2025-04-21T14:46:25.911Z,0.0,0.0,1
244890901,52.42538833333333,4.78031,6.2,102.2,2025-04-21T14:46:21.526Z,0.0,0.0,1
244900124,51.951465,4.144118333333333,0.0,37.9,2025-04-21T14:46:15.733Z,0.0,0.0,1
244995000,55.85971166666666,12.835001666666669,0.0,92.1,2025-04-21T14:46:29.830Z,0.0,0.0,1
245014000,51.89920333333334,-8.457165,0.0,262.1,2025-04-21T14:45:54.240Z,0.0,0.0,1
245217000,52.461455,4.5879183333333335,0.0,262.7,2025-04-21T14:46:19.821Z,0.0,0.0,1
245222000,53.503056666666666,8.582605000000001,0.0,360.0,2025-04-21T14:46:29.837Z,0.0,0.0,1
245235000,53.86094666666667,8.711895,0.0,146.1,2025-04-21T14:45:54.242Z,0.0,0.0,1
245473000,51.41278,3.3065333333333333,9.3,272.2,2025-04-21T14:46:29.568Z,0.0,0.0,1
245484000,51.95145,4.143961666666667,0.0,200.2,2025-04-21T14:46:15.921Z,0.0,0.0,1
245543000,57.40374166666666,19.346926666666665,10.7,37.0,2025-04-21T14:46:17.838Z,0.0,0.0,1
245618000,51.213585,2.7399116666666665,7.4,228.9,2025-04-21T14:46:17.549Z,0.0,0.0,1
245861000,41.79651833333333,-71.38736999999999,0.0,284.4,2025-04-21T14:46:19.793Z,0.0,0.0,1
245897000,57.19313666666667,11.878043333333332,16.2,163.3,2025-04-21T14:46:21.699Z,0.0,0.0,1
246003000,52.09933333333333,4.263981666666667,0.0,360.0,2025-04-21T14:46:17.808Z,0.0,0.0,1
246096000,52.09793,4.259815,0.0,265.1,2025-04-21T14:46:15.660Z,0.0,0.0,1
246137000,51.44011166666667,3.574945,0.2,9.0,2025-04-21T14:46:21.691Z,0.0,0.0,1
246223000,51.83325,4.936400000000001,0.1,344.0,2025-04-21T14:46:17.843Z,0.0,0.0,1
246236000,51.882795,4.4240433333333335,0.0,154.0,2025-04-21T14:46:17.517Z,0.0,0.0,1
246281000,53.39893333333334,5.249266666666667,0.0,360.0,2025-04-21T14:46:19.797Z,0.0,0.0,1
246342000,54.368915,10.150385,0.0,3.5,2025-04-21T14:45:53.955Z,0.0,0.0,1
246354000,53.320011666666666,-2.94963,0.0,285.7,2025-04-21T14:46:29.609Z,0.0,0.0,1
246367000,51.95372666666666,1.4147583333333331,0.1,253.8,2025-04-21T14:46:19.641Z,0.0,0.0,1
246485000,51.47866,2.3574466666666667,6.5,249.0,2025-04-21T14:46:17.793Z,0.0,0.0,1
246535000,53.572543333333336,9.641991666666666,8.8,117.1,2025-04-21T14:46:23.619Z,0.0,0.0,1
246557000,50.725413333333336,1.5883316666666665,0.0,316.3,2025-04-21T14:46:17.546Z,0.0,0.0,1
246655000,48.350006666666665,-4.485148333333333,0.1,219.3,2025-04-21T14:46:27.739Z,0.0,0.0,1
247061700,40.20247333333334,17.11845333333333,10.9,173.2,2025-04-21T14:46:19.563Z,0.0,0.0,1
247075010,45.221715,12.28596,0.0,272.3,2025-04-21T14:46:29.632Z,0.0,0.0,1
247129500,44.41118,8.920078333333333,0.0,148.6,2025-04-21T14:46:15.459Z,0.0,0.0,1
247130800,44.41130333333333,8.920141666666666,0.0,98.8,2025-04-21T14:46:23.799Z,0.0,0.0,1
247215700,38.217866666666666,15.242841666666669,4.7,294.3,2025-04-21T14:46:29.544Z,0.0,0.0,1
247226800,44.418281666666665,8.776671666666665,0.0,321.3,2025-04-21T14:45:53.920Z,0.0,0.0,1
247227800,45.2013,12.265883333333331,0.0,133.0,2025-04-21T14:45:53.919Z,0.0,0.0,1
247290300,45.42538166666667,12.377583333333332,0.4,269.9,2025-04-21T14:46:19.484Z,0.0,0.0,1
247297200,44.40600333333334,8.888961666666667,0.0,13.6,2025-04-21T14:45:54.019Z,0.0,0.0,1
247315800,38.13216833333333,13.368235,0.3,204.0,2025-04-21T14:45:54.121Z,0.0,0.0,1
247333800,44.272825,8.455748333333334,6.8,135.6,2025-04-21T14:46:27.676Z,0.0,0.0,1
247340500,44.463995,12.398558333333334,0.0,15.4,2025-04-21T14:46:17.870Z,0.0,0.0,1
247342000,38.47004166666667,14.957028333333334,0.0,145.0,2025-04-21T14:46:25.667Z,0.0,0.0,1
247353200,51.347901666666665,2.640833333333333,0.5,181.6,2025-04-21T14:46:17.793Z,0.0,0.0,1
247405400,45.612876666666665,13.80885,0.0,139.0,2025-04-21T14:46:23.935Z,0.0,0.0,1
247446900,44.40206,8.928138333333333,0.0,243.3,2025-04-21T14:46:15.620Z,0.0,0.0,1
247451500,28.488043333333334,-16.227610000000002,0.0,134.3,2025-04-21T14:46:17.886Z,0.0,0.0,1
248609000,37.93296833333333,23.648076666666668,0.0,52.4,2025-04-21T14:46:23.587Z,0.0,0.0,1
248768000,50.632556666666666,-1.0727833333333334,0.0,347.7,2025-04-21T14:46:19.428Z,0.0,0.0,1
248880000,51.25447833333333,6.736723333333333,10.8,288.4,2025-04-21T14:46:17.823Z,0.0,0.0,1
248888000,51.248900000000006,4.351833333333333,0.1,10.0,2025-04-21T14:45:54.396Z,0.0,0.0,1
249122000,37.858983333333335,-9.605468333333333,6.3,349.3,2025-04-21T14:46:19.540Z,0.0,0.0,1
249127000,56.00225666666667,11.682898333333332,0.4,225.1,2025-04-21T14:46:19.552Z,0.0,0.0,1
249147000,54.618535,-5.90208,0.0,272.7,2025-04-21T14:46:17.535Z,0.0,0.0,1
249223000,56.126666666666665,12.532566666666666,14.1,318.2,2025-04-21T14:46:19.578Z,0.0,0.0,1
249355000,49.43756333333333,1.092385,0.0,360.0,2025-04-21T14:46:27.776Z,0.0,0.0,1
249600000,51.57273833333333,2.4992333333333336,16.5,269.2,2025-04-21T14:46:15.550Z,0.0,0.0,1
249679000,53.66675666666666,-0.2326266666666666,0.0,143.0,2025-04-21T14:46:21.745Z,0.0,0.0,1
250004424,38.51018333333333,-8.9007,4.3,74.8,2025-04-21T14:46:23.632Z,0.0,0.0,1
250005313,53.26847166666666,-9.046058333333333,0.0,360.0,2025-04-21T14:46:23.665Z,0.0,0.0,1
250006431,51.89889,-8.460091666666667,0.0,235.6,2025-04-21T14:46:17.535Z,0.0,0.0,1
250013821,49.36806666666666,1.00015,0.1,359.2,2025-04-21T14:46:21.752Z,0.0,0.0,1
253242373,51.91753666666667,4.507695,8.8,295.3,2025-04-21T14:46:19.437Z,0.0,0.0,1
253413000,51.24847666666667,4.307938333333333,0.0,19.3,2025-04-21T14:46:29.727Z,0.0,0.0,1
253445000,39.633471666666665,-0.1970783333333333,4.0,227.9,2025-04-21T14:46:19.587Z,0.0,0.0,1
255768000,49.99241666666667,-4.588495,8.9,254.3,2025-04-21T14:46:25.536Z,0.0,0.0,1
255805250,49.80900166666667,-3.605606666666666,12.1,247.1,2025-04-21T14:46:15.935Z,0.0,0.0,1
255805866,51.798006666666666,1.5461183333333333,17.3,20.2,2025-04-21T14:46:17.541Z,0.0,0.0,1
255805872,35.83356833333333,-0.1972033333333333,1.7,293.9,2025-04-21T14:46:27.691Z,0.0,0.0,1
255806264,37.885866666666665,24.599365,12.0,15.9,2025-04-21T14:46:21.556Z,0.0,0.0,1
255806301,38.72510666666667,-9.107473333333331,0.0,231.3,2025-04-21T14:46:19.872Z,0.0,0.0,1
255806466,51.40977166666666,1.39096,0.0,272.0,2025-04-21T14:46:25.679Z,0.0,0.0,1
255848000,59.76407,26.207691666666665,10.4,279.8,2025-04-21T14:46:21.752Z,0.0,0.0,1
255913573,43.564906666666666,7.080888333333333,0.0,182.6,2025-04-21T14:46:25.665Z,0.0,0.0,1
255915581,53.529160000000005,9.957081666666664,0.0,4.0,2025-04-21T14:46:17.743Z,0.0,0.0,1
255915680,-9.721788333333334,-35.74587333333333,0.1,294.8,2025-04-21T14:46:23.924Z,0.0,0.0,1
255915685,51.37467333333333,4.141178333333333,12.0,249.1,2025-04-21T14:45:53.954Z,0.0,0.0,1
255915696,51.891823333333335,4.301691666666667,0.0,322.4,2025-04-21T14:46:15.872Z,0.0,0.0,1
255915940,54.36452666666666,10.14845,3.6,111.7,2025-04-21T14:45:54.126Z,0.0,0.0,1
255915969,54.36475666666667,10.151456666666666,4.1,53.1,2025-04-21T14:46:19.859Z,0.0,0.0,1
255916042,56.006618333333336,12.71091,0.5,345.6,2025-04-21T14:45:54.131Z,0.0,0.0,1
256002778,43.08393,5.934043333333333,0.3,360.0,2025-04-21T14:46:27.525Z,0.0,0.0,1
256149000,52.025345,3.955315,14.3,295.6,2025-04-21T14:46:19.767Z,0.0,0.0,1
256154000,51.363985,4.223675,10.9,325.0,2025-04-21T14:46:27.909Z,0.0,0.0,1
256269000,35.822289999999995,14.540635,0.0,207.0,2025-04-21T14:46:21.855Z,0.0,0.0,1
256548000,51.292366666666666,4.264833333333333,0.0,248.4,2025-04-21T14:46:21.745Z,0.0,0.0,1
256800000,55.76520166666667,10.811305,10.3,7.6,2025-04-21T14:46:23.632Z,0.0,0.0,1
256984000,36.12592833333333,-5.115391666666667,11.8,75.1,2025-04-21T14:46:23.575Z,0.0,0.0,1
257001000,59.908605,10.719801666666664,0.0,14.0,2025-04-21T14:46:15.832Z,0.0,0.0,1
257001810,60.56768,4.955955,0.0,175.3,2025-04-21T14:46:29.674Z,0.0,0.0,1
257017920,61.85611,6.080218333333334,7.3,188.2,2025-04-21T14:46:25.617Z,0.0,0.0,1
257018800,59.38632833333334,10.517253333333334,0.0,0.0,2025-04-21T14:46:23.868Z,0.0,0.0,1
257020700,62.14428333333333,6.06421,0.0,4.1,2025-04-21T14:46:27.632Z,0.0,0.0,1
257035150,58.11459333333333,7.043751666666666,0.0,334.3,2025-04-21T14:46:21.407Z,0.0,0.0,1
257035500,67.281975,14.372325,0.1,243.7,2025-04-21T14:46:19.437Z,0.0,0.0,1
257035570,63.69633833333333,8.812225000000002,0.0,360.0,2025-04-21T14:46:27.642Z,0.0,0.0,1
257037270,59.339545,18.779798333333336,13.0,155.2,2025-04-21T14:46:21.916Z,0.0,0.0,1
257038020,64.79762166666667,11.005306666666666,28.9,62.6,2025-04-21T14:46:27.649Z,0.0,0.0,1
257040700,64.92232166666666,11.885525,0.0,143.1,2025-04-21T14:46:17.869Z,0.0,0.0,1
257041820,59.91051166666667,10.73292,0.0,277.0,2025-04-21T14:46:27.817Z,0.0,0.0,1
257053240,60.142320000000005,5.37212,0.0,316.1,2025-04-21T14:46:19.832Z,0.0,0.0,1
257055910,60.059695000000005,5.33434,19.1,187.1,2025-04-21T14:46:21.461Z,0.0,0.0,1
257056810,68.78590166666666,16.5429,0.0,147.2,2025-04-21T14:46:27.642Z,0.0,0.0,1
257063400,69.69645166666666,19.017966666666663,0.0,358.0,2025-04-21T14:46:25.534Z,0.0,0.0,1
257064270,59.42835333333333,10.465181666666666,0.0,19.3,2025-04-21T14:46:19.460Z,0.0,0.0,1
257077410,63.56794833333333,9.199631666666669,0.0,360.0,2025-04-21T14:46:27.649Z,0.0,0.0,1
257088720,70.08146333333335,20.09271333333333,0.5,10.2,2025-04-21T14:46:29.674Z,0.0,0.0,1
257099310,65.18724,12.093411666666666,13.1,315.7,2025-04-21T14:46:25.605Z,0.0,0.0,1
257101730,66.76125,12.477246666666668,0.0,46.9,2025-04-21T14:46:29.673Z,0.0,0.0,1
257125940,69.15848166666666,16.096648333333334,0.0,360.0,2025-04-21T14:46:25.600Z,0.0,0.0,1
257134400,66.90787833333333,13.602523333333332,0.0,259.7,2025-04-21T14:46:23.563Z,0.0,0.0,1
257138420,63.640906666666666,9.01892,8.4,47.4,2025-04-21T14:46:25.587Z,0.0,0.0,1
257163320,69.69494333333334,19.01587333333333,0.0,360.0,2025-04-21T14:46:19.646Z,0.0,0.0,1
257163600,60.686816666666665,4.7476883333333335,0.0,20.3,2025-04-21T14:46:29.684Z,0.0,0.0,1
257169200,59.676253333333335,10.607413333333334,0.9,91.6,2025-04-21T14:45:54.000Z,0.0,0.0,1
257180000,59.60833333333333,5.228166666666667,0.0,251.1,2025-04-21T14:46:27.630Z,0.0,0.0,1
257181020,69.67046166666667,18.975295000000003,0.0,238.4,2025-04-21T14:46:25.615Z,0.0,0.0,1
257186000,58.00334166666666,6.738191666666666,7.8,118.4,2025-04-21T14:46:29.687Z,0.0,0.0,1
257203000,63.44680666666667,10.107336666666669,10.2,233.5,2025-04-21T14:46:17.845Z,0.0,0.0,1
257214000,62.6779,6.667420000000001,0.0,288.2,2025-04-21T14:46:27.649Z,0.0,0.0,1
257215600,64.90345666666666,11.258105,0.0,127.0,2025-04-21T14:46:23.563Z,0.0,0.0,1
257261500,62.469525,6.2141633333333335,0.0,323.0,2025-04-21T14:46:27.640Z,0.0,0.0,1
257273400,58.97320333333333,5.741371666666667,5.5,42.4,2025-04-21T14:46:15.575Z,0.0,0.0,1
257371500,59.413475,5.265843333333334,0.0,148.3,2025-04-21T14:46:27.652Z,0.0,0.0,1
257399000,66.33396499999999,14.12184,0.0,65.9,2025-04-21T14:46:29.932Z,0.0,0.0,1
257402000,53.43799333333333,14.58115,0.0,360.0,2025-04-21T14:46:25.725Z,0.0,0.0,1
257445500,70.66964166666666,23.672036666666667,0.0,102.1,2025-04-21T14:46:19.706Z,0.0,0.0,1
257458000,69.65709666666666,18.968966666666667,0.0,322.0,2025-04-21T14:46:17.889Z,0.0,0.0,1
257476500,56.700985,8.219383333333333,0.0,329.0,2025-04-21T14:46:21.496Z,0.0,0.0,1
257500620,68.86503333333333,14.865686666666669,19.3,249.9,2025-04-21T14:46:23.561Z,0.0,0.0,1
257563000,69.03299666666666,17.30844666666667,9.9,33.8,2025-04-21T14:46:23.581Z,0.0,0.0,1
257624000,59.10328666666667,-3.027508333333333,7.8,327.6,2025-04-21T14:45:54.225Z,0.0,0.0,1
257636600,70.07177333333334,29.744251666666667,0.0,258.7,2025-04-21T14:46:27.640Z,0.0,0.0,1
257643700,70.31910500000001,22.87389166666667,0.0,360.0,2025-04-21T14:46:23.569Z,0.0,0.0,1
257648500,67.10369333333333,15.393083333333331,0.0,322.9,2025-04-21T14:45:53.827Z,0.0,0.0,1
257649500,67.50524666666666,12.079183333333331,0.0,60.1,2025-04-21T14:46:25.581Z,0.0,0.0,1
257697800,66.50085333333332,12.102445,0.0,351.0,2025-04-21T14:46:25.580Z,0.0,0.0,1
257699000,68.89737,17.679385,4.9,297.4,2025-04-21T14:46:19.502Z,0.0,0.0,1
257715000,62.635601666666666,7.08246,0.0,344.8,2025-04-21T14:46:23.923Z,0.0,0.0,1
257747000,59.60680666666666,5.770253333333333,0.0,303.8,2025-04-21T14:46:29.674Z,0.0,0.0,1
257845800,64.03942,10.0517,0.0,253.0,2025-04-21T14:46:27.647Z,0.0,0.0,1
257852500,59.882025,10.694866666666666,3.5,113.0,2025-04-21T14:46:27.703Z,0.0,0.0,1
257867000,58.858265,5.44842,9.8,283.6,2025-04-21T14:46:21.777Z,0.0,0.0,1
257870700,67.13952666666667,15.395976666666666,0.1,360.0,2025-04-21T14:46:25.486Z,0.0,0.0,1
257893700,60.55383333333334,5.3787650000000005,0.0,14.0,2025-04-21T14:46:27.549Z,0.0,0.0,1
257931600,64.77891333333334,11.631913333333332,22.3,338.7,2025-04-21T14:46:27.631Z,0.0,0.0,1
257941000,57.926206666666666,8.680905,10.0,289.4,2025-04-21T14:46:23.848Z,0.0,0.0,1
257961900,58.97304666666666,5.740136666666667,0.0,279.8,2025-04-21T14:45:54.167Z,0.0,0.0,1
257973900,59.253415,10.478448333333334,0.1,69.3,2025-04-21T14:46:19.501Z,0.0,0.0,1
257974000,60.41044333333333,5.017076666666667,0.0,241.0,2025-04-21T14:46:23.786Z,0.0,0.0,1
257985600,69.18968333333333,17.036485000000003,0.0,353.5,2025-04-21T14:46:17.503Z,0.0,0.0,1
258000840,59.22321166666666,5.862618333333333,11.3,164.6,2025-04-21T14:46:27.642Z,0.0,0.0,1
258002430,64.62111166666666,11.234523333333334,0.0,184.0,2025-04-21T14:46:29.679Z,0.0,0.0,1
258063000,59.89368,10.634125,0.0,133.8,2025-04-21T14:46:21.898Z,0.0,0.0,1
258080000,57.23157833333333,-1.8402033333333332,3.0,236.2,2025-04-21T14:46:27.531Z,0.0,0.0,1
258144500,59.47598166666667,10.687465,0.0,360.0,2025-04-21T14:46:29.578Z,0.0,0.0,1
258235500,63.654646666666665,8.786624999999999,5.2,109.0,2025-04-21T14:46:29.661Z,0.0,0.0,1
258314500,62.67603333333333,7.302475,4.5,336.7,2025-04-21T14:46:27.697Z,0.0,0.0,1
258340500,66.368615,12.593975,0.1,171.6,2025-04-21T14:46:29.694Z,0.0,0.0,1
258356000,58.960455,5.331925,9.1,168.1,2025-04-21T14:46:27.574Z,0.0,0.0,1
258534000,61.229385,4.936143333333334,10.7,333.5,2025-04-21T14:46:27.649Z,0.0,0.0,1
258691000,66.02282666666666,12.633411666666666,0.0,55.9,2025-04-21T14:46:29.685Z,0.0,0.0,1
258695000,66.33961333333333,13.002078333333332,0.0,154.3,2025-04-21T14:46:29.660Z,0.0,0.0,1
258758000,51.274535,4.243145,3.8,208.3,2025-04-21T14:46:15.491Z,0.0,0.0,1
258931000,38.47135,-8.7889,0.0,12.0,2025-04-21T14:45:53.919Z,0.0,0.0,1
258943000,63.26842833333333,5.564931666666666,11.6,25.4,2025-04-21T14:46:25.590Z,0.0,0.0,1
259017000,57.93168666666666,8.735715,9.7,271.1,2025-04-21T14:46:17.932Z,0.0,0.0,1
259021770,60.80823166666666,4.975235,0.0,19.5,2025-04-21T14:46:25.592Z,0.0,0.0,1
259026800,67.30803166666666,13.72765,13.7,51.2,2025-04-21T14:46:27.642Z,0.0,0.0,1
259108000,60.64459166666666,4.856908333333333,13.3,159.4,2025-04-21T14:46:29.674Z,0.0,0.0,1
259166000,59.61199333333333,5.243058333333334,0.0,284.5,2025-04-21T14:46:27.630Z,0.0,0.0,1
259222000,59.070445,10.674558333333332,21.6,168.5,2025-04-21T14:46:21.873Z,0.0,0.0,1
259236000,70.62253166666666,29.698931666666667,0.0,146.1,2025-04-21T14:46:23.569Z,0.0,0.0,1
259393000,62.58369,6.237471666666666,10.5,234.2,2025-04-21T14:46:25.606Z,0.0,0.0,1
259511000,69.673095,18.980766666666668,0.0,337.0,2025-04-21T14:46:19.451Z,0.0,0.0,1
259530000,66.02114833333333,12.643976666666669,0.0,163.3,2025-04-21T14:46:21.409Z,0.0,0.0,1
259623000,66.74821666666666,13.538516666666668,0.0,155.4,2025-04-21T14:46:27.633Z,0.0,0.0,1
259936000,49.560296666666666,-0.1492,0.0,345.5,2025-04-21T14:46:27.917Z,0.0,0.0,1
261000210,54.40677333333333,18.6645,0.0,340.4,2025-04-21T14:46:29.555Z,0.0,0.0,1
261000946,53.45183333333333,14.588,0.1,125.0,2025-04-21T14:46:25.680Z,0.0,0.0,1
261011150,54.45836166666666,18.742471666666667,6.5,230.0,2025-04-21T14:46:21.511Z,0.0,0.0,1
261054050,54.871875,19.80959333333333,7.8,270.0,2025-04-21T14:46:23.920Z,0.0,0.0,1
261182638,54.174105,19.38733333333333,0.0,360.0,2025-04-21T14:46:25.886Z,0.0,0.0,1
261182890,52.299236666666665,8.9485,0.0,360.0,2025-04-21T14:46:19.580Z,0.0,0.0,1
261185774,54.52570166666667,18.548456666666667,0.0,360.0,2025-04-21T14:46:19.658Z,0.0,0.0,1
261199000,54.380478333333336,18.661835,0.0,360.0,2025-04-21T14:46:25.832Z,0.0,0.0,1
263401550,37.02676333333333,-7.827533333333333,0.0,360.0,2025-04-21T14:46:23.622Z,0.0,0.0,1
263406260,36.90026666666667,-8.104081666666666,8.0,228.1,2025-04-21T14:45:54.309Z,0.0,0.0,1
263701360,38.6512,-9.078133333333334,0.1,339.0,2025-04-21T14:46:17.565Z,0.0,0.0,1
265001070,59.752163333333336,19.081883333333334,0.0,93.3,2025-04-21T14:45:54.351Z,0.0,0.0,1
265013000,69.69840666666667,19.07539833333333,0.0,93.0,2025-04-21T14:46:17.940Z,0.0,0.0,1
265035000,57.618275,11.76238,0.0,177.9,2025-04-21T14:46:15.676Z,0.0,0.0,1
265060000,65.54866833333332,22.23941333333333,0.0,308.8,2025-04-21T14:46:23.598Z,0.0,0.0,1
265067180,59.32686666666667,18.053106666666668,0.0,360.0,2025-04-21T14:46:29.648Z,0.0,0.0,1
265177000,57.677365,11.807798333333333,12.6,59.9,2025-04-21T14:46:29.857Z,0.0,0.0,1
265317000,58.972253333333335,18.327815,9.2,176.4,2025-04-21T14:46:17.621Z,0.0,0.0,1
265501910,57.69346666666667,11.91345,0.0,283.3,2025-04-21T14:46:19.730Z,0.0,0.0,1
265504660,56.04474333333334,12.687646666666666,0.0,70.1,2025-04-21T14:46:27.857Z,0.0,0.0,1
265504700,57.88679166666667,11.593848333333334,0.0,227.9,2025-04-21T14:46:21.691Z,0.0,0.0,1
265514800,56.04477,12.687878333333334,0.0,57.1,2025-04-21T14:46:17.493Z,0.0,0.0,1
265522530,59.32198166666667,18.10408333333333,0.1,205.1,2025-04-21T14:46:21.701Z,0.0,0.0,1
265527920,57.75815833333333,11.617086666666667,2.4,278.8,2025-04-21T14:46:27.538Z,0.0,0.0,1
265541690,58.380116666666666,12.309258333333334,0.0,297.4,2025-04-21T14:46:15.535Z,0.0,0.0,1
265548410,59.328536666666665,18.080156666666667,0.0,302.5,2025-04-21T14:45:54.010Z,0.0,0.0,1
265562890,59.38600666666667,17.52783833333333,4.8,216.9,2025-04-21T14:46:29.842Z,0.0,0.0,1
265577470,59.388691666666666,18.327248333333333,0.0,320.7,2025-04-21T14:46:25.877Z,0.0,0.0,1
265584790,59.32155166666666,18.09147833333333,6.1,211.9,2025-04-21T14:46:29.735Z,0.0,0.0,1
265586630,59.322721666666666,18.078321666666668,5.3,99.6,2025-04-21T14:46:29.904Z,0.0,0.0,1
265601260,61.72434166666667,17.11916666666667,0.0,302.0,2025-04-21T14:46:27.920Z,0.0,0.0,1
265609080,59.42588666666666,18.349788333333333,0.0,360.0,2025-04-21T14:46:23.569Z,0.0,0.0,1
265617170,59.30495666666666,17.439915,0.0,203.5,2025-04-21T14:46:25.743Z,0.0,0.0,1
265619980,56.154408333333336,14.823651666666668,0.0,0.4,2025-04-21T14:46:29.550Z,0.0,0.0,1
265624900,57.71197833333333,11.965753333333334,0.0,293.1,2025-04-21T14:46:19.477Z,0.0,0.0,1
265756770,56.1161,15.685495,0.1,300.0,2025-04-21T14:45:54.372Z,0.0,0.0,1
265762770,59.38457,18.418925,0.8,171.5,2025-04-21T14:46:29.941Z,0.0,0.0,1
265797830,57.69175333333333,11.873496666666666,0.0,8.1,2025-04-21T14:46:17.557Z,0.0,0.0,1
265803980,57.773246666666665,11.61711,0.0,360.0,2025-04-21T14:46:21.452Z,0.0,0.0,1
265810820,55.92320166666666,14.298556666666666,0.0,360.0,2025-04-21T14:45:54.058Z,0.0,0.0,1
265820810,56.10084,15.475173333333334,0.0,360.0,2025-04-21T14:46:27.827Z,0.0,0.0,1
265828560,59.31529166666667,18.110285,0.1,80.6,2025-04-21T14:46:15.719Z,0.0,0.0,1
265866000,54.16406,12.102246666666668,8.0,343.6,2025-04-21T14:46:25.646Z,0.0,0.0,1
266037000,56.15947666666667,15.574593333333333,0.1,182.9,2025-04-21T14:46:25.773Z,0.0,0.0,1
266152000,57.436193333333335,11.892975,7.2,5.5,2025-04-21T14:46:15.653Z,0.0,0.0,1
266266000,54.64641833333334,11.004533333333336,11.2,124.9,2025-04-21T14:46:23.642Z,0.0,0.0,1
266334000,55.86452166666666,12.826415,0.0,116.0,2025-04-21T14:46:25.619Z,0.0,0.0,1
267010091,48.139475,17.117955,0.1,360.0,2025-04-21T14:45:53.934Z,0.0,0.0,1
267210002,48.13537166666666,17.147005,0.0,235.5,2025-04-21T14:46:27.920Z,0.0,0.0,1
267210209,47.983035,17.384476666666668,3.8,205.0,2025-04-21T14:45:53.937Z,0.0,0.0,1
268243602,41.259245,19.398306666666667,0.0,360.0,2025-04-21T14:46:17.495Z,0.0,0.0,1
269056630,47.58766833333333,7.588883333333333,0.0,360.0,2025-04-21T14:46:25.880Z,0.0,0.0,1
269056944,47.58799,7.589233333333333,0.0,360.0,2025-04-21T14:46:25.770Z,0.0,0.0,1
269057030,51.81502666666667,4.775176666666667,9.5,92.9,2025-04-21T14:46:29.637Z,0.0,0.0,1
269057070,51.241615,4.414123333333333,4.3,100.3,2025-04-21T14:46:21.523Z,0.0,0.0,1
269057367,52.636105,5.063289999999999,0.0,0.0,2025-04-21T14:46:15.587Z,0.0,0.0,1
269057512,49.473115,0.4542533333333333,0.0,360.0,2025-04-21T14:46:21.691Z,0.0,0.0,1
269057615,52.619685,5.09815,9.6,307.0,2025-04-21T14:46:19.594Z,0.0,0.0,1
269057615,52.61968666666667,5.09815,9.7,306.9,2025-04-21T14:46:19.594Z,0.09999999999999964,-0.10000000000002274,1
269057646,47.56472,7.585236666666666,6.9,167.2,2025-04-21T14:45:54.265Z,0.0,0.0,1
269101410,25.70166333333333,-79.89863166666667,8.6,292.8,2025-04-21T14:45:54.300Z,0.0,0.0,1
270254000,51.318535,3.830115,0.0,151.5,2025-04-21T14:45:53.919Z,0.0,0.0,1
270623000,52.24595166666666,11.510235,0.0,136.4,2025-04-21T14:46:27.663Z,0.0,0.0,1
271000661,36.98393333333333,23.651083333333336,19.3,214.3,2025-04-21T14:46:21.775Z,0.0,0.0,1
271000770,45.59046666666666,13.63655,0.0,9.0,2025-04-21T14:46:23.861Z,0.0,0.0,1
271002672,41.00957833333334,29.00957333333333,0.1,57.9,2025-04-21T14:46:23.598Z,0.0,0.0,1
271040307,40.99758333333333,29.015236666666667,9.5,308.5,2025-04-21T14:45:53.951Z,0.0,0.0,1
271044690,43.405625,4.886585,5.4,148.8,2025-04-21T14:46:17.745Z,0.0,0.0,1
271050408,42.64487833333333,30.34770333333333,0.0,107.4,2025-04-21T14:46:19.517Z,0.0,0.0,1
271051403,40.993788333333335,28.95830833333333,0.0,126.9,2025-04-21T14:46:21.420Z,0.0,0.0,1
273255610,71.56988333333334,24.106350000000003,12.1,78.0,2025-04-21T14:46:27.631Z,0.0,0.0,1
273522400,55.83453333333333,12.684066666666666,14.4,158.4,2025-04-21T14:46:25.720Z,0.0,0.0,1
275490000,55.70865166666667,21.12067833333333,0.0,9.1,2025-04-21T14:45:53.954Z,0.0,0.0,1
275538000,51.55892833333333,3.40536,20.8,141.6,2025-04-21T14:46:15.663Z,0.0,0.0,1
276005340,59.45794833333333,24.71754,0.1,308.6,2025-04-21T14:46:17.516Z,0.0,0.0,1
277466000,54.37997666666667,18.65516333333333,18.0,108.1,2025-04-21T14:46:25.580Z,0.0,0.0,1
277504000,50.127833333333335,-3.25195,19.3,257.5,2025-04-21T14:46:17.755Z,0.0,0.0,1
277574000,51.95292166666666,1.31202,0.0,277.6,2025-04-21T14:46:17.607Z,0.0,0.0,1
278916000,45.55896499999999,13.738321666666668,0.0,24.0,2025-04-21T14:46:17.764Z,0.0,0.0,1
278916000,45.55895666666667,13.73832,0.0,23.9,2025-04-21T14:46:17.777Z,0.0,-0.10000000000000142,1
279202300,44.742695000000005,20.323241666666668,0.0,190.5,2025-04-21T14:46:29.720Z,0.0,0.0,1
279202721,44.84841,20.419596666666667,8.6,121.6,2025-04-21T14:46:15.879Z,0.0,0.0,1
303461000,40.643458333333335,-74.12453166666666,8.6,76.0,2025-04-21T14:46:21.548Z,0.0,0.0,1
304111000,51.498365,-2.705375,0.0,258.0,2025-04-21T14:46:21.893Z,0.0,0.0,1
304496000,31.96995,32.745666666666665,7.8,218.0,2025-04-21T14:46:29.860Z,0.0,0.0,1
304925000,37.735793333333326,-25.66038166666667,0.0,333.9,2025-04-21T14:46:19.633Z,0.0,0.0,1
304936000,54.50053666666667,12.186333333333332,10.6,198.2,2025-04-21T14:46:25.940Z,0.0,0.0,1
304958000,56.147306666666665,10.230473333333332,0.0,298.0,2025-04-21T14:46:25.678Z,0.0,0.0,1
304979000,53.50546,8.58465,0.0,350.4,2025-04-21T14:46:15.651Z,0.0,0.0,1
305279000,58.12423166666667,6.358803333333333,13.2,325.9,2025-04-21T14:46:17.565Z,0.0,0.0,1
305371000,59.12099333333333,6.006666666666666,0.0,0.0,2025-04-21T14:46:29.682Z,0.0,0.0,1
305612000,50.75492166666667,0.7991216666666666,8.3,235.0,2025-04-21T14:46:29.569Z,0.0,0.0,1
305661000,53.89464,10.796243333333331,3.9,261.9,2025-04-21T14:45:54.229Z,0.0,0.0,1
305662000,59.45803333333333,24.704743333333333,0.0,326.8,2025-04-21T14:46:23.893Z,0.0,0.0,1
305727000,43.95588166666666,29.411843333333334,6.7,29.9,2025-04-21T14:46:15.930Z,0.0,0.0,1
305886000,37.255226666666665,-0.9195233333333334,14.0,48.0,2025-04-21T14:46:15.429Z,0.0,0.0,1
305924000,51.336975,2.4012216666666664,9.3,68.0,2025-04-21T14:46:29.751Z,0.0,0.0,1
308924000,56.14401,10.225155,0.0,135.0,2025-04-21T14:45:53.999Z,0.0,0.0,1
310556000,51.90193666666666,4.3858966666666666,0.0,54.1,2025-04-21T14:46:21.567Z,0.0,0.0,1
311000134,36.87309666666667,-0.315475,1.8,2.3,2025-04-21T14:46:17.878Z,0.0,0.0,1
311000579,51.045315,1.90324,10.7,266.1,2025-04-21T14:45:53.978Z,0.0,0.0,1
311000973,51.30984166666666,1.8464233333333333,18.9,210.5,2025-04-21T14:46:15.451Z,0.0,0.0,1
311001552,55.00253666666666,18.97445833333333,0.6,269.2,2025-04-21T14:46:17.869Z,0.0,0.0,1
314001095,55.264415,11.07127,12.2,154.4,2025-04-21T14:46:19.556Z,0.0,0.0,1
314377000,59.34192666666667,5.283343333333334,0.0,18.3,2025-04-21T14:46:25.594Z,0.0,0.0,1
314646000,36.512645,-0.2608149999999999,7.6,262.7,2025-04-21T14:46:25.809Z,0.0,0.0,1
316002213,42.983085,-82.40978666666666,0.0,360.0,2025-04-21T14:46:29.750Z,0.0,0.0,1
316003400,44.65952,-63.556795,0.0,43.0,2025-04-21T14:46:15.431Z,0.0,0.0,1
316004240,44.64758500000001,-63.54929666666667,0.0,337.2,2025-04-21T14:46:17.842Z,0.0,0.0,1
316006713,46.38880666666667,-63.787905,0.0,104.4,2025-04-21T14:46:15.767Z,0.0,0.0,1
316023959,42.983918333333335,-82.40971166666667,0.0,0.0,2025-04-21T14:46:17.777Z,0.0,0.0,1
316031772,45.62747333333333,-73.49478666666667,0.0,36.2,2025-04-21T14:46:23.587Z,0.0,0.0,1
316040698,48.95791666666666,-57.94727,0.0,345.1,2025-04-21T14:46:15.762Z,0.0,0.0,1
316053441,43.13346166666667,-79.19228666666666,0.0,7.0,2025-04-21T14:46:21.487Z,0.0,0.0,1
316055446,44.62971,-63.555375000000005,19.5,337.2,2025-04-21T14:46:15.694Z,0.0,0.0,1
319048800,43.16839166666667,5.611496666666667,8.7,209.9,2025-04-21T14:46:15.515Z,0.0,0.0,1
319072900,43.694496666666666,7.285508333333333,0.0,105.4,2025-04-21T14:46:15.882Z,0.0,0.0,1
319122700,39.48877,2.476575,0.0,238.1,2025-04-21T14:46:15.777Z,0.0,0.0,1
319172900,25.08314,-77.32105166666666,0.0,175.0,2025-04-21T14:45:54.029Z,0.0,0.0,1
319195600,43.56590333333334,7.078726666666666,0.0,173.0,2025-04-21T14:46:19.418Z,0.0,0.0,1
319217900,43.584825,7.127531666666667,0.0,173.9,2025-04-21T14:46:23.588Z,0.0,0.0,1
319234500,39.559675,2.630181666666666,0.1,4.8,2025-04-21T14:46:23.659Z,0.0,0.0,1
319294800,25.785273333333336,-80.17864833333333,0.0,128.3,2025-04-21T14:46:25.499Z,0.0,0.0,1
319420000,41.37007666666667,2.1848416666666663,0.0,95.1,2025-04-21T14:46:17.602Z,0.0,0.0,1
332001000,28.154441666666667,-15.407205,0.0,357.5,2025-04-21T14:46:15.841Z,0.0,0.0,1
338107888,32.08085333333334,-81.04827833333334,0.5,348.8,2025-04-21T14:46:21.601Z,0.0,0.0,1
338447000,38.94670666666666,-75.17952,1.9,327.9,2025-04-21T14:46:21.592Z,0.0,0.0,1
338458000,42.62906666666667,-70.49064833333334,9.4,38.7,2025-04-21T14:46:21.509Z,0.0,0.0,1
338519897,39.14208833333333,-76.248105,0.0,273.9,2025-04-21T14:46:23.877Z,0.0,0.0,1
338527295,40.704635,-73.97242666666666,0.0,360.0,2025-04-21T14:45:54.314Z,0.0,0.0,1
341232001,52.84181,5.712155,0.0,204.6,2025-04-21T14:46:19.443Z,0.0,0.0,1
352001535,28.324301666666667,-15.165645,13.9,225.4,2025-04-21T14:46:29.621Z,0.0,0.0,1
352001807,59.91420666666667,30.24196333333333,1.7,360.0,2025-04-21T14:45:53.987Z,0.0,0.0,1
352002102,36.31170833333333,-3.208673333333333,12.4,257.8,2025-04-21T14:46:25.798Z,0.0,0.0,1
352002709,50.03987166666666,-2.5753,10.3,255.6,2025-04-21T14:46:21.561Z,0.0,0.0,1
352003334,51.883385,4.443676666666667,0.0,172.5,2025-04-21T14:46:19.445Z,0.0,0.0,1
352004858,40.811905,28.84747666666667,0.5,252.8,2025-04-21T14:46:25.868Z,0.0,0.0,1
352005418,36.237118333333335,0.2043333333333333,2.0,74.3,2025-04-21T14:46:27.941Z,0.0,0.0,1
353083000,52.42919,4.756069999999999,8.2,282.2,2025-04-21T14:46:29.610Z,0.0,0.0,1
354536000,51.917026666666665,4.207411666666667,0.1,6.6,2025-04-21T14:46:19.872Z,0.0,0.0,1
355104000,52.751945,1.9018333333333333,18.1,143.9,2025-04-21T14:45:54.320Z,0.0,0.0,1
355286000,41.014505,1.3071683333333333,14.5,274.8,2025-04-21T14:46:15.821Z,0.0,0.0,1
355584000,53.35631833333333,5.214681666666666,0.0,203.2,2025-04-21T14:46:19.807Z,0.0,0.0,1
356688000,25.237015,54.84928333333333,5.5,139.9,2025-04-21T14:45:54.294Z,0.0,0.0,1
366693850,26.08245,-80.115735,0.0,22.8,2025-04-21T14:46:17.851Z,0.0,0.0,1
366867370,36.87285833333333,-76.34578499999999,0.1,215.4,2025-04-21T14:46:29.899Z,0.0,0.0,1
366936980,39.37835,-81.28365000000001,0.0,292.2,2025-04-21T14:46:23.711Z,0.0,0.0,1
366946840,39.03298666666667,-76.38287,7.2,165.0,2025-04-21T14:46:17.633Z,0.0,0.0,1
366953930,40.65437333333333,-74.083675,0.7,83.1,2025-04-21T14:46:23.582Z,0.0,0.0,1
366971330,41.838895,-87.31804000000001,13.0,337.0,2025-04-21T14:46:23.841Z,0.0,0.0,1
366982270,39.94296166666666,-74.05745499999999,1.6,15.7,2025-04-21T14:46:25.723Z,0.0,0.0,1
366990560,40.76106,-74.00402166666666,4.5,122.6,2025-04-21T14:46:27.852Z,0.0,0.0,1
366999757,39.37777833333334,-74.42252,6.7,261.9,2025-04-21T14:46:25.685Z,0.0,0.0,1
367010390,40.699063333333335,-74.14982333333334,0.0,3.7,2025-04-21T14:46:15.560Z,0.0,0.0,1
367015880,40.517485,-74.24689,0.0,360.0,2025-04-21T14:46:21.689Z,0.0,0.0,1
367018850,40.73072333333334,-74.01283833333333,0.1,335.8,2025-04-21T14:46:15.477Z,0.0,0.0,1
367020910,25.731365,-80.16211666666666,0.0,360.0,2025-04-21T14:46:25.828Z,0.0,0.0,1
367047370,30.361291666666663,-88.56576166666667,1.4,187.8,2025-04-21T14:46:29.780Z,0.0,0.0,1
367050080,40.06136333333333,-74.00770666666668,1.3,215.6,2025-04-21T14:45:53.964Z,0.0,0.0,1
367065790,40.68028833333334,-74.14797833333334,0.0,196.7,2025-04-21T14:46:23.671Z,0.0,0.0,1
367078250,40.64078,-74.12903833333333,0.0,251.4,2025-04-21T14:46:17.823Z,0.0,0.0,1
367116570,40.63636333333333,-74.07251166666667,0.0,259.5,2025-04-21T14:46:27.589Z,0.0,0.0,1
367156370,28.336691666666663,-80.59904333333334,3.9,304.2,2025-04-21T14:46:19.610Z,0.0,0.0,1
367191190,40.63785,-74.19357333333333,0.0,234.3,2025-04-21T14:46:27.937Z,0.0,0.0,1
367343230,28.415691666666664,-80.62341500000001,0.0,360.0,2025-04-21T14:46:21.530Z,0.0,0.0,1
367419080,40.68103,-74.14722833333333,0.0,49.5,2025-04-21T14:46:21.547Z,0.0,0.0,1
367428270,42.117378333333335,-73.92078,7.9,202.3,2025-04-21T14:45:54.146Z,0.0,0.0,1
367482250,40.71426,-74.03039166666667,10.2,79.2,2025-04-21T14:46:21.601Z,0.0,0.0,1
367511590,45.41080333333333,-83.78577166666668,0.0,254.5,2025-04-21T14:45:54.223Z,0.0,0.0,1
367531740,40.74056666666667,-74.01173833333334,0.1,360.0,2025-04-21T14:45:53.978Z,0.0,0.0,1
367549860,27.942346666666666,-82.44279333333334,0.0,360.0,2025-04-21T14:46:17.516Z,0.0,0.0,1
367639150,40.71347333333333,-74.01721166666667,0.1,360.0,2025-04-21T14:46:19.567Z,0.0,0.0,1
367643790,26.08187333333333,-80.11623833333333,0.0,287.3,2025-04-21T14:46:25.575Z,0.0,0.0,1
367645150,40.664858333333335,-74.000465,0.0,327.4,2025-04-21T14:46:15.905Z,0.0,0.0,1
367648630,26.047778333333333,-80.11509833333334,0.0,360.0,2025-04-21T14:46:25.577Z,0.0,0.0,1
367653620,25.773555,-80.17644666666666,0.0,264.9,2025-04-21T14:46:15.592Z,0.0,0.0,1
367660660,39.303125,-81.56350333333333,5.7,189.2,2025-04-21T14:46:27.807Z,0.0,0.0,1
367682610,40.646995,-74.11485333333333,8.9,240.7,2025-04-21T14:46:15.828Z,0.0,0.0,1
367690000,26.07467833333333,-80.12191833333333,0.0,344.5,2025-04-21T14:46:17.853Z,0.0,0.0,1
367707930,40.640625,-74.129735,0.1,304.2,2025-04-21T14:46:27.767Z,0.0,0.0,1
367743370,35.94057166666666,-87.93214166666667,3.7,108.6,2025-04-21T14:46:23.632Z,0.0,0.0,1
367744620,29.930568333333333,-89.992065,0.0,234.9,2025-04-21T14:46:27.681Z,0.0,0.0,1
367790830,40.703825,-73.97629666666667,0.1,153.4,2025-04-21T14:46:21.872Z,0.0,0.0,1
368013770,40.74404666666667,-73.97044,0.0,236.9,2025-04-21T14:46:27.764Z,0.0,0.0,1
368025020,40.70393833333333,-73.97623833333334,0.0,230.5,2025-04-21T14:46:25.857Z,0.0,0.0,1
368042970,36.90685333333333,-76.08906,0.0,158.3,2025-04-21T14:45:54.000Z,0.0,0.0,1
368051770,40.636795,-74.07217166666666,2.3,266.5,2025-04-21T14:46:25.799Z,0.0,0.0,1
368081170,36.965453333333336,-76.41235499999999,0.0,13.3,2025-04-21T14:46:29.656Z,0.0,0.0,1
368083040,29.88113333333333,-89.96335,8.5,278.2,2025-04-21T14:46:27.585Z,0.0,0.0,1
368138000,27.925038333333337,-82.445025,0.0,132.0,2025-04-21T14:45:54.104Z,0.0,0.0,1
368163680,40.669896666666666,-74.04154333333332,7.8,50.3,2025-04-21T14:46:15.905Z,0.0,0.0,1
368179250,25.76440833333333,-80.14562666666667,0.0,360.0,2025-04-21T14:46:19.823Z,0.0,0.0,1
368242090,38.99513,-76.40034333333332,0.0,282.5,2025-04-21T14:46:15.629Z,0.0,0.0,1
368242090,38.99512,-76.40033166666667,0.0,282.0,2025-04-21T14:46:25.875Z,0.0,-0.5,1
368376960,40.97519,-73.095765,15.5,334.8,2025-04-21T14:46:17.603Z,0.0,0.0,1
368430000,28.331705,-80.60115833333333,0.4,160.9,2025-04-21T14:46:19.604Z,0.0,0.0,1
369493614,40.612435,-74.06003166666666,0.0,18.6,2025-04-21T14:46:19.495Z,0.0,0.0,1
369980000,36.94731,-75.99542,13.3,41.3,2025-04-21T14:46:19.654Z,0.0,0.0,1
370789000,54.5237,18.55092,0.0,360.0,2025-04-21T14:46:21.459Z,0.0,0.0,1
371458000,59.72645166666667,24.453336666666665,6.4,78.7,2025-04-21T14:46:27.664Z,0.0,0.0,1
371577000,34.706716666666665,33.336866666666666,4.4,23.0,2025-04-21T14:46:17.873Z,0.0,0.0,1
372916000,33.918036666666666,-78.006955,10.6,57.7,2025-04-21T14:46:21.839Z,0.0,0.0,1
373602000,37.971446666666665,-0.6840733333333334,102.3,360.0,2025-04-21T14:45:53.967Z,0.0,0.0,1
374281000,38.81976333333333,-9.837031666666666,8.8,1.0,2025-04-21T14:46:25.537Z,0.0,0.0,1
374496000,44.58919333333333,13.105613333333334,11.1,340.2,2025-04-21T14:46:17.551Z,0.0,0.0,1
374875000,36.85706666666667,-75.82172833333334,7.9,300.0,2025-04-21T14:45:53.840Z,0.0,0.0,1
375378000,58.911495,10.689403333333331,6.8,349.2,2025-04-21T14:45:54.018Z,0.0,0.0,1
376371000,-33.90531,18.445116666666667,0.0,299.8,2025-04-21T14:46:17.638Z,0.0,0.0,1
412344000,36.09976666666667,-4.95995,1.9,82.0,2025-04-21T14:46:29.543Z,0.0,0.0,1
413527980,37.658675,23.77312166666667,12.2,352.8,2025-04-21T14:46:27.628Z,0.0,0.0,1
428043000,32.821888333333334,35.00734166666667,0.0,206.1,2025-04-21T14:45:54.027Z,0.0,0.0,1
440202000,53.54981333333333,9.830338333333334,10.2,287.0,2025-04-21T14:46:27.662Z,0.0,0.0,1
477885500,54.688635,20.20805,0.0,292.4,2025-04-21T14:46:19.541Z,0.0,0.0,1
477931600,39.4705,-71.95949833333334,10.5,304.4,2025-04-21T14:46:23.569Z,0.0,0.0,1
538003218,43.40255333333334,4.94925,0.2,320.8,2025-04-21T14:46:17.692Z,0.0,0.0,1
538004634,36.119863333333335,-5.303148333333334,0.0,23.2,2025-04-21T14:46:29.875Z,0.0,0.0,1
538005401,47.11232833333334,-2.42973,0.2,4.4,2025-04-21T14:45:54.198Z,0.0,0.0,1
538005407,28.096876666666667,-15.3533,5.6,300.2,2025-04-21T14:46:25.630Z,0.0,0.0,1
538006140,51.381213333333335,-8.225338333333333,6.7,74.6,2025-04-21T14:46:17.548Z,0.0,0.0,1
538006288,49.46340166666666,-0.0850583333333333,0.0,305.4,2025-04-21T14:46:23.662Z,0.0,0.0,1
538006542,51.42326833333333,1.4679433333333334,0.9,254.8,2025-04-21T14:46:27.689Z,0.0,0.0,1
538006542,51.42326666666667,1.4679416666666667,0.8,255.0,2025-04-21T14:46:27.713Z,-0.09999999999999998,0.19999999999998863,1
538007685,37.21427333333334,-1.774415,0.0,293.8,2025-04-21T14:46:29.582Z,0.0,0.0,1
538007810,37.06799,-0.2605516666666667,13.9,248.0,2025-04-21T14:46:17.832Z,0.0,0.0,1
538007823,-33.035925,-71.62641666666667,0.0,212.9,2025-04-21T14:46:21.699Z,0.0,0.0,1
538008150,49.80705833333333,-4.287611666666667,11.8,256.3,2025-04-21T14:45:53.906Z,0.0,0.0,1
538008610,53.4593,-3.0294533333333336,0.0,25.0,2025-04-21T14:46:25.533Z,0.0,0.0,1
538009101,43.79550833333334,29.639256666666665,0.0,16.1,2025-04-21T14:46:17.557Z,0.0,0.0,1
538009417,50.56184666666666,0.323105,11.4,248.8,2025-04-21T14:46:15.461Z,0.0,0.0,1
538009486,27.927521666666667,-82.43050666666666,0.0,311.5,2025-04-21T14:46:25.885Z,0.0,0.0,1
538009924,51.36942833333333,2.72936,12.8,265.9,2025-04-21T14:46:17.789Z,0.0,0.0,1
538011104,44.59974,13.686136666666666,11.1,327.0,2025-04-21T14:46:17.493Z,0.0,0.0,1
538011261,55.150331666666666,10.99842,11.3,17.9,2025-04-21T14:46:27.884Z,0.0,0.0,1
538070436,43.69668333333333,7.284416666666667,0.0,51.1,2025-04-21T14:46:29.887Z,0.0,0.0,1
538071877,39.564971666666665,2.6385966666666665,0.0,49.6,2025-04-21T14:46:17.485Z,0.0,0.0,1
538072127,43.542413333333336,10.298945,0.0,192.2,2025-04-21T14:46:21.460Z,0.0,0.0,1
538090635,-29.881895,31.004575,0.0,39.0,2025-04-21T14:46:25.820Z,0.0,0.0,1
563240100,51.630608333333335,2.2475333333333336,17.7,224.2,2025-04-21T14:45:54.388Z,0.0,0.0,1
563262000,51.38576666666667,4.03854,13.4,154.9,2025-04-21T14:46:19.745Z,0.0,0.0,1
566014000,52.39958333333333,4.826031666666666,0.1,45.9,2025-04-21T14:46:23.895Z,0.0,0.0,1
566969000,39.221916666666665,-76.57549999999999,1.3,262.0,2025-04-21T14:46:19.547Z,0.0,0.0,1
576431000,46.883071666666666,-2.460465,0.4,137.3,2025-04-21T14:46:29.543Z,0.0,0.0,1
577479000,28.1411,-15.417476666666666,0.0,166.8,2025-04-21T14:46:15.605Z,0.0,0.0,1
601479000,-33.90683,18.42581,0.0,360.0,2025-04-21T14:45:54.032Z,0.0,0.0,1
601890200,-29.87627,31.007216666666668,0.0,302.1,2025-04-21T14:46:15.830Z,0.0,0.0,1
619000390,-17.29663,40.77326166666667,5.9,51.9,2025-04-21T14:46:21.791Z,0.0,0.0,1
620999017,40.97011666666666,28.9038,0.0,162.6,2025-04-21T14:46:15.456Z,0.0,0.0,1
629009388,40.95496666666666,28.77618333333333,0.0,201.0,2025-04-21T14:46:15.795Z,0.0,0.0,1
630001159,41.507398333333335,29.026151666666667,1.1,250.1,2025-04-21T14:46:15.724Z,0.0,0.0,1
636012769,38.19209,-9.226838333333337,6.6,348.8,2025-04-21T14:46:23.598Z,0.0,0.0,1
636018620,51.954675,4.16203,6.9,133.1,2025-04-21T14:46:29.593Z,0.0,0.0,1
636018733,55.39166,14.52174,11.5,219.6,2025-04-21T14:46:19.428Z,0.0,0.0,1
636019990,52.40595333333333,4.773203333333333,0.0,178.3,2025-04-21T14:46:27.711Z,0.0,0.0,1
636020574,37.64167833333333,23.584435,0.1,268.6,2025-04-21T14:46:15.450Z,0.0,0.0,1
636020612,36.504106666666665,-0.8714616666666667,11.4,77.1,2025-04-21T14:46:21.464Z,0.0,0.0,1
636020778,51.25466666666667,4.354635,0.0,236.5,2025-04-21T14:46:17.493Z,0.0,0.0,1
636021492,-33.911118333333334,18.427871666666665,0.0,166.7,2025-04-21T14:46:29.553Z,0.0,0.0,1
636021690,50.55049333333333,-1.05147,0.1,301.0,2025-04-21T14:46:23.584Z,0.0,0.0,1
636022803,43.76033,28.927713333333333,12.6,177.0,2025-04-21T14:46:17.869Z,0.0,0.0,1
636023944,51.29692666666666,4.262545,0.0,38.4,2025-04-21T14:46:25.821Z,0.0,0.0,1
636024290,34.64537,33.009485,0.0,240.6,2025-04-21T14:46:23.929Z,0.0,0.0,1
636024297,40.76275666666667,28.950851666666665,0.3,145.0,2025-04-21T14:46:25.619Z,0.0,0.0,1
636092734,38.26005,-27.595516666666665,12.8,76.1,2025-04-21T14:46:27.520Z,0.0,0.0,1
677089900,40.96720166666667,28.898106666666667,0.1,360.0,2025-04-21T14:46:29.638Z,0.0,0.0,1
710004312,-23.94932,-46.31176166666667,0.0,254.2,2025-04-21T14:45:54.276Z,0.0,0.0,1
730151081,10.966796666666664,-74.75856833333334,0.0,125.6,2025-04-21T14:46:21.694Z,0.0,0.0,1
730152439,10.966361666666668,-74.75866500000001,0.0,158.2,2025-04-21T14:46:25.572Z,0.0,0.0,1
976543210,50.77867833333333,-1.14925,0.0,266.4,2025-04-21T14:46:25.832Z,0.0,0.0,1
